chromosome	feature_start	feature_end	feature_id	feature_strand	feature_length	isize	nr_deviant	absence_start	absence_end	cov_mean	cov_stdev
Bd1	86604	87943	RLX_unknown_Bd1-21,ident_perc:=98.0,cov_perc:=19.0,tsd_len:=6,name_orig:=Bd4_RLX_3,class:=RLX	+	1339	1433.5	8	86603	87957	11	11
Bd1	1201494	1205137	RLG_unknown_Bd1-115,ident_perc:=86.0,cov_perc:=22.0,name_orig:=Bd4_RLG_59,class:=RLG	+	3643	3718	19	1205730	1205131	4	7
Bd1	1254341	1255345	RLC_unknown_Bd1-127,ident_perc:=87.0,cov_perc:=15.0,tsd_len:=0,name_orig:=Bd5_RLC_9,class:=RLC	-	1004	1122.0	28	1254314	1255345	14	9
Bd1	1372778	1372908	RLC_unknown_Bd1-131,ident_perc:=78.0,cov_perc:=1.0,name_orig:=Bd3_RLC_28,class:=RLC	+	130	596.0	2	1372625	1373112	21	12
Bd1	1798466	1799783	RLG_unknown_Bd1-137,ident_perc:=98.0,cov_perc:=10.0,name_orig:=Bd5_RLG_4,class:=RLG	+	1317	1479.0	2	1798449	1799790	21	18
Bd1	1912181	1913892	RLC_unknown_Bd1-144,ident_perc:=100.0,cov_perc:=20.0,tsd_len:=5,name_orig:=Bd3_RLC_47,class:=RLC	+	1711	1889	1	1912020	1913909	29	22
Bd1	1937345	1940473	RIX_noname_Bd1-17,tsd_len:=1,name_orig:=RIX_noname_Bd1-17,class:=RIX	+	3128	3416	27	1937243	1940564	42	30
Bd1	2347501	2348842	RLX_unknown_Bd1-75,ident_perc:=99.0,cov_perc:=19.0,tsd_len:=5,name_orig:=Bd4_RLX_3,class:=RLX	-	1341	1429.5	24	2347500	2348846	11	7
Bd1	2802171	2803515	RLX_unknown_Bd1-91,ident_perc:=98.0,cov_perc:=19.0,tsd_len:=0,name_orig:=Bd4_RLX_3,class:=RLX	-	1344	1411	13	2802176	2803516	21	16
Bd1	3551757	3553082	RLC_unknown_Bd1-180,ident_perc:=99.0,cov_perc:=16.0,tsd_len:=6,name_orig:=Bd2_RLC_14,class:=RLC	+	1325	1469	7	3551756	3553134	21	15
Bd1	4366035	4368549	RLC_unknown_Bd1-199,ident_perc:=94.0,cov_perc:=24.0,name_orig:=Bd2_RLC_29,class:=RLC	-	2514	2818	7	4368538	4371263	28	14
Bd1	4368574	4371106	RIX_noname_Bd1-32,tsd_len:=0,name_orig:=RIX_noname_Bd1-32,class:=RIX	-	2532	2818	7	4368538	4371263	7	8
Bd1	4521353	4524384	RLX_unknown_Bd1-139,ident_perc:=94.0,cov_perc:=26.0,name_orig:=Bd2_RLX_19,class:=RLX	-	3031	3230	5	4521217	4524384	10	16
Bd1	5497594	5498932	RLX_unknown_Bd1-166,ident_perc:=99.0,cov_perc:=19.0,tsd_len:=0,name_orig:=Bd4_RLX_3,class:=RLX	+	1338	1527.5	12	5497544	5498932	12	9
Bd1	5743732	5744266	RLX_unknown_Bd1-171,ident_perc:=87.0,cov_perc:=2.0,name_orig:=Bd1_RLX_8,class:=RLX	+	534	705.0	8	5743704	5744396	7	6
Bd1	5966618	5967463	RLX_unknown_Bd1-181,ident_perc:=95.0,cov_perc:=7.0,tsd_len:=5,name_orig:=Bd3_RLX_11,class:=RLX	-	845	921	11	5966618	5967462	6	7
Bd1	8101206	8102567	RLG_unknown_Bd1-457,ident_perc:=98.0,cov_perc:=9.0,name_orig:=Bd4_RLG_51,class:=RLG	-	1361	1633.5	4	8101171	8102641	13	7
Bd1	8152338	8157497	RLC_unknown_Bd1-6,tsd_len:=5,ltr_age:=0.227,name_orig:=Bd1_RLC_6,class:=RLC	+	5159	5296	21	8152337	8157495	13	13
Bd1	8318352	8319681	RLC_unknown_Bd1-308,ident_perc:=99.0,cov_perc:=16.0,tsd_len:=2,name_orig:=Bd2_RLC_14,class:=RLC	-	1329	1415.5	14	8318354	8319696	25	19
Bd1	8853464	8853611	RLG_unknown_Bd1-499,ident_perc:=78.0,cov_perc:=1.0,name_orig:=Bd1_RLG_58,class:=RLG	+	147	608	1	8853062	8853670	14	11
Bd1	9097221	9097936	RLC_unknown_Bd1-333,ident_perc:=98.0,cov_perc:=12.0,tsd_len:=0,name_orig:=Bd2_RLC_6,class:=RLC	-	715	813.0	12	9097222	9097931	11	10
Bd1	9282208	9283550	RLC_unknown_Bd1-348,ident_perc:=99.0,cov_perc:=16.0,tsd_len:=0,name_orig:=Bd2_RLC_14,class:=RLC	-	1342	1352	5	9282217	9283545	19	21
Bd1	9826045	9827786	RLC_unknown_Bd1-371,ident_perc:=99.0,cov_perc:=20.0,tsd_len:=4,name_orig:=Bd1_RLC_18,class:=RLC	-	1741	1879	13	9826044	9827785	19	19
Bd1	10273376	10274718	RLG_unknown_Bd1-599,ident_perc:=99.0,cov_perc:=9.0,name_orig:=Bd4_RLG_51,class:=RLG	+	1342	1436	13	10273383	10274717	26	19
Bd1	10285661	10286727	RLC_unknown_Bd1-392,ident_perc:=94.0,cov_perc:=16.0,tsd_len:=5,name_orig:=Bd5_RLC_9,class:=RLC	+	1066	1172.5	20	10285663	10286726	33	24
Bd1	10345791	10353667	RLC_unknown_Bd1-8,tsd_len:=5,ltr_age:=0.258,name_orig:=Bd1_RLC_8,class:=RLC	-	7876	8027	7	10345790	10353709	54	42
Bd1	10886495	10889410	RLC_unknown_Bd1-412,ident_perc:=99.0,cov_perc:=34.0,name_orig:=Bd4_RLC_18,class:=RLC	-	2915	2938	1	10886473	10889414	19	12
Bd1	11240884	11242213	RLC_unknown_Bd1-423,ident_perc:=99.0,cov_perc:=16.0,tsd_len:=2,name_orig:=Bd2_RLC_14,class:=RLC	-	1329	1446	5	11240882	11242279	9	7
Bd1	11795699	11795826	DTT_Stowaway_I_Bd1-151,tsd_len:=0,name_orig:=DTT_Stowaway_I_Bd1-151,class:=DTT	-	127	595	1	11795701	11796323	27	11
Bd1	12351716	12353019	RLX_unknown_Bd1-387,ident_perc:=94.0,cov_perc:=19.0,tsd_len:=0,name_orig:=Bd4_RLX_1,class:=RLX	-	1303	1386.5	20	12351711	12353017	12	12
Bd1	12979853	12981187	RLC_unknown_Bd1-520,ident_perc:=100.0,cov_perc:=18.0,name_orig:=Bd2_RLC_39,class:=RLC	+	1334	1476	23	12979852	12981185	31	17
Bd1	13279096	13280420	RLC_unknown_Bd1-529,ident_perc:=100.0,cov_perc:=17.0,tsd_len:=10,name_orig:=Bd1_RLC_35,class:=RLC	+	1324	1445.5	10	13279095	13280420	38	34
Bd1	13579410	13582744	RLG_unknown_Bd1-942,ident_perc:=97.0,cov_perc:=13.0,name_orig:=Bd3_RLG_20,class:=RLG	+	3334	3434	1	13579386	13582840	12	12
Bd1	13672777	13676459	RLC_unknown_Bd1-546,ident_perc:=97.0,cov_perc:=22.0,name_orig:=Bd4_RLC_5,class:=RLC	+	3682	3805.5	16	13672781	13676460	61	63
Bd1	13677432	13678780	RLC_unknown_Bd1-547,ident_perc:=99.0,cov_perc:=16.0,tsd_len:=0,name_orig:=Bd2_RLC_14,class:=RLC	+	1348	1413	21	13677449	13678777	15	9
Bd1	13884884	13890066	RLC_unknown_Bd1-12,tsd_len:=5,ltr_age:=0.638,name_orig:=Bd1_RLC_12,class:=RLC	+	5182	5278.5	20	13884884	13890063	5	6
Bd1	14411976	14420195	RLG_unknown_Bd1-10,tsd_len:=3,ltr_age:=0.488,name_orig:=Bd1_RLG_10,class:=RLG	-	8219	8448.5	4	14411829	14420232	16	37
Bd1	15462240	15474866	DHH_D_Bd1-3,tsd_len:=0,name_orig:=DHH_D_Bd1-3,class:=DHH	+	12626	12698	21	15463712	15465777	11	10
Bd1	16726241	16727922	RLG_unknown_Bd1-1153,ident_perc:=99.0,cov_perc:=10.0,name_orig:=Bd3_RLG_14,class:=RLG	+	1681	1993	3	16726001	16719790	11	7
Bd1	16869772	16872436	RLG_unknown_Bd1-1170,ident_perc:=99.0,cov_perc:=25.0,name_orig:=Bd1_RLG_34,class:=RLG	+	2664	2781	13	16869772	16872427	11	7
Bd1	19312443	19314764	RLG_unknown_Bd1-1304,ident_perc:=96.0,cov_perc:=15.0,name_orig:=Bd1_RLG_19,class:=RLG	+	2321	2395.0	18	19312445	19314746	6	9
Bd1	19682459	19686141	DTA_noname_Bd1-38,tsd_len:=5,name_orig:=DTA_noname_Bd1-38,class:=DTA	+	3682	3846.0	8	19682455	19686156	23	19
Bd1	20040491	20041201	RLC_unknown_Bd1-785,ident_perc:=99.0,cov_perc:=12.0,tsd_len:=5,name_orig:=Bd2_RLC_6,class:=RLC	-	710	819	25	20040491	20041201	11	9
Bd1	20239876	20248632	RLC_unknown_Bd1-18,tsd_len:=5,ltr_age:=0.288,name_orig:=Bd1_RLC_18,class:=RLC	-	8756	8878.0	22	20242869	20243481	52	62
Bd1	20991444	20992780	RLG_unknown_Bd1-1399,ident_perc:=99.0,cov_perc:=13.0,name_orig:=Bd2_RLG_10,class:=RLG	-	1336	1403.0	22	20993108	20992770	27	23
Bd1	21541963	21542674	RLC_unknown_Bd1-867,ident_perc:=99.0,cov_perc:=12.0,tsd_len:=5,name_orig:=Bd4_RLC_3,class:=RLC	+	711	744.0	8	21541938	21542670	14	12
Bd1	21551742	21553454	RLC_unknown_Bd1-868,ident_perc:=99.0,cov_perc:=20.0,tsd_len:=5,name_orig:=Bd3_RLC_47,class:=RLC	+	1712	1787	7	21551741	21553484	18	15
Bd1	21881260	21882586	RLC_unknown_Bd1-884,ident_perc:=97.0,cov_perc:=17.0,tsd_len:=3,name_orig:=Bd1_RLC_69,class:=RLC	-	1326	1406	21	21881259	21882584	8	9
Bd1	22211470	22212810	RLX_unknown_Bd1-693,ident_perc:=99.0,cov_perc:=19.0,tsd_len:=5,name_orig:=Bd4_RLX_1,class:=RLX	+	1340	1458	11	22211469	22212809	14	10
Bd1	22633522	22636827	RLG_unknown_Bd1-1513,ident_perc:=92.0,cov_perc:=20.0,name_orig:=Bd5_RLG_19,class:=RLG	-	3305	3485.0	4	22633452	22636854	14	14
Bd1	23934037	23935350	RLC_unknown_Bd1-982,ident_perc:=97.0,cov_perc:=17.0,tsd_len:=5,name_orig:=Bd1_RLC_69,class:=RLC	+	1313	1465	5	23934036	23935382	13	12
Bd1	24391766	24401030	RLC_unknown_Bd1-25,tsd_len:=5,ltr_age:=0.058,name_orig:=Bd1_RLC_25,class:=RLC	+	9264	9353	29	24391765	24401029	51	34
Bd1	24869802	24871131	RLC_unknown_Bd1-1037,ident_perc:=99.0,cov_perc:=17.0,tsd_len:=0,name_orig:=Bd3_RLC_10,class:=RLC	+	1329	1364	11	24869806	24871131	15	10
Bd1	25033459	25034133	RIX_noname_Bd1-269,tsd_len:=0,name_orig:=RIX_noname_Bd1-269,class:=RIX	-	674	896	15	25033423	25034212	7	8
Bd1	25317408	25318752	RLX_unknown_Bd1-824,ident_perc:=98.0,cov_perc:=19.0,tsd_len:=3,name_orig:=Bd4_RLX_1,class:=RLX	+	1344	1446.5	22	25317408	25318752	21	11
Bd1	26106235	26107449	RLC_unknown_Bd1-1076,ident_perc:=99.0,cov_perc:=14.0,tsd_len:=0,name_orig:=Bd2_RLC_14,class:=RLC	+	1214	1359.5	4	26106236	26107496	12	9
Bd1	26270669	26275724	RLC_unknown_Bd1-1081,ident_perc:=97.0,cov_perc:=98.0,name_orig:=Bd3_RLC_18,class:=RLC	-	5055	5224.0	32	26270579	26275722	16	12
Bd1	26442726	26444047	RLC_unknown_Bd1-1084,ident_perc:=99.0,cov_perc:=15.0,tsd_len:=5,name_orig:=Bd2_RLC_14,class:=RLC	+	1321	1473.5	6	26442725	26444047	15	9
Bd1	26575882	26577606	RLC_unknown_Bd1-1086,ident_perc:=99.0,cov_perc:=20.0,tsd_len:=1,name_orig:=Bd3_RLC_47,class:=RLC	+	1724	1809	15	26575881	26577597	13	12
Bd1	26901110	26901365	RLG_unknown_Bd1-1908,ident_perc:=97.0,cov_perc:=1.0,name_orig:=Bd5_RLG_20,class:=RLG	+	255	717.5	16	26901120	26901792	9	11
Bd1	26901369	26901637	RLG_unknown_Bd1-1909,ident_perc:=98.0,cov_perc:=2.0,name_orig:=Bd5_RLG_20,class:=RLG	-	268	717.5	16	26901120	26901792	5	7
Bd1	26938733	26939092	RIX_noname_Bd1-287,tsd_len:=0,name_orig:=RIX_noname_Bd1-287,class:=RIX	+	359	659	1	26938406	26939106	13	10
Bd1	27287760	27288167	RLG_unknown_Bd1-1932,ident_perc:=79.0,cov_perc:=4.0,name_orig:=Bd3_RLG_9,class:=RLG	+	407	745	3	27287687	27288167	17	16
Bd1	28350250	28351577	RLC_unknown_Bd1-1150,ident_perc:=100.0,cov_perc:=18.0,name_orig:=Bd2_RLC_39,class:=RLC	+	1327	1418.0	8	28350220	28351577	58	34
Bd1	29246526	29260617	RLG_unknown_Bd1-21,tsd_len:=5,ltr_age:=1.873,name_orig:=Bd1_RLG_21,class:=RLG	+	14091	14233	13	29246525	29260616	3	5
Bd1	30974433	30983107	RLC_unknown_Bd1-32,tsd_len:=5,ltr_age:=0.158,name_orig:=Bd1_RLC_32,class:=RLC	-	8674	8801	13	30974427	30983104	34	25
Bd1	31013380	31014731	RLG_unknown_Bd1-2160,ident_perc:=99.0,cov_perc:=18.0,name_orig:=Bd5_RLG_18,class:=RLG	+	1351	1425	3	31014861	31014734	11	8
Bd1	31814751	31816091	RLG_unknown_Bd1-2220,ident_perc:=100.0,cov_perc:=18.0,name_orig:=Bd5_RLG_18,class:=RLG	+	1340	1508	13	31816580	31797615	27	13
Bd1	32472503	32480434	RLC_unknown_Bd1-35,tsd_len:=5,ltr_age:=0.031,name_orig:=Bd1_RLC_35,class:=RLC	-	7931	8036	11	32472502	32480434	70	33
Bd1	32706559	32708289	RLC_unknown_Bd1-1358,ident_perc:=100.0,cov_perc:=20.0,tsd_len:=6,name_orig:=Bd3_RLC_47,class:=RLC	+	1730	1936.5	2	32706509	32708409	28	13
Bd1	32886235	32887090	RLG_unknown_Bd1-2324,ident_perc:=95.0,cov_perc:=6.0,tsd_len:=0,name_orig:=Bd1_RLG_12,class:=RLG	+	855	1110.5	6	32886083	32887093	23	14
Bd1	33506385	33507711	RLC_unknown_Bd1-1389,ident_perc:=99.0,cov_perc:=16.0,tsd_len:=5,name_orig:=Bd2_RLC_14,class:=RLC	+	1326	1433.0	22	33506385	33507711	21	17
Bd1	33554997	33559911	RLC_unknown_Bd1-36,tsd_len:=5,ltr_age:=2.462,name_orig:=Bd1_RLC_36,class:=RLC	-	4914	5014	29	33560381	33559933	2	4
Bd1	33750097	33751423	RLC_unknown_Bd1-1406,ident_perc:=100.0,cov_perc:=16.0,tsd_len:=5,name_orig:=Bd2_RLC_14,class:=RLC	+	1326	1610	1	33749882	33751479	29	24
Bd1	34037046	34040290	RLX_unknown_Bd1-1118,ident_perc:=95.0,cov_perc:=35.0,name_orig:=Bd4_RLX_10,class:=RLX	-	3244	3360	7	34037031	34040294	17	20
Bd1	34304915	34311223	RLC_unknown_Bd1-1435,ident_perc:=98.0,cov_perc:=94.0,ltr_age:=0.338,name_orig:=Bd5_RLC_9,class:=RLC	-	6308	6745	27	34304914	34311520	14	18
Bd1	34415727	34417056	RLC_unknown_Bd1-1449,ident_perc:=99.0,cov_perc:=16.0,tsd_len:=2,name_orig:=Bd2_RLC_14,class:=RLC	+	1329	1441	33	34415726	34417052	13	8
Bd1	34441893	34442591	RIX_noname_Bd1-386,tsd_len:=1,name_orig:=RIX_noname_Bd1-386,class:=RIX	-	698	1090	17	34441609	34442574	7	9
Bd1	35197360	35199073	RLC_unknown_Bd1-1502,ident_perc:=100.0,cov_perc:=20.0,tsd_len:=5,name_orig:=Bd3_RLC_47,class:=RLC	-	1713	1855	9	35197359	35199073	22	13
Bd1	35338760	35340090	RLC_unknown_Bd1-1510,ident_perc:=99.0,cov_perc:=16.0,tsd_len:=2,name_orig:=Bd2_RLC_14,class:=RLC	+	1330	1388.5	16	35338763	35340090	23	15
Bd1	35773103	35774814	RLC_unknown_Bd1-1543,ident_perc:=100.0,cov_perc:=20.0,tsd_len:=3,name_orig:=Bd3_RLC_47,class:=RLC	+	1711	1742	3	35773098	35774820	22	16
Bd1	36422975	36424015	RLG_unknown_Bd1-2710,ident_perc:=97.0,cov_perc:=6.0,name_orig:=Bd3_RLG_48,class:=RLG	-	1040	1152.0	8	36422974	36424023	16	15
Bd1	36737823	36740994	RLX_unknown_Bd1-1253,ident_perc:=91.0,cov_perc:=27.0,name_orig:=Bd4_RLX_19,class:=RLX	-	3171	3271	7	36737806	36740994	17	30
Bd1	36833355	36836699	RLG_unknown_Bd1-2831,ident_perc:=95.0,cov_perc:=34.0,name_orig:=Bd2_RLG_27,class:=RLG	-	3344	3497.0	8	36833366	36836711	12	13
Bd1	37239058	37240066	RLX_unknown_Bd1-1304,ident_perc:=98.0,cov_perc:=16.0,tsd_len:=5,name_orig:=Bd2_RLX_10,class:=RLX	-	1008	1139.0	16	37239057	37240066	13	8
Bd1	37354530	37361774	RLG_unknown_Bd1-37,tsd_len:=5,ltr_age:=0.242,name_orig:=Bd1_RLG_37,class:=RLG	-	7244	7413	11	37354529	37361774	27	34
Bd1	37565659	37566367	RLX_unknown_Bd1-1330,ident_perc:=96.0,cov_perc:=7.0,tsd_len:=0,name_orig:=Bd4_RLX_13,class:=RLX	-	708	1141	223	37566770	37550386	160	236
Bd1	37804751	37808039	RLG_unknown_Bd1-3072,ident_perc:=97.0,cov_perc:=31.0,name_orig:=Bd1_RLG_34,class:=RLG	-	3288	3357.5	14	37804749	37808041	7	7
Bd1	38459649	38460690	RLX_unknown_Bd1-1413,ident_perc:=98.0,cov_perc:=7.0,name_orig:=Bd2_RLX_9,class:=RLX	+	1041	1125	23	38459650	38460690	25	13
Bd1	38882746	38884074	RLC_unknown_Bd1-1728,ident_perc:=100.0,cov_perc:=17.0,name_orig:=Bd4_RLC_47,class:=RLC	+	1328	1524	13	38882747	38884074	23	11
Bd1	39017341	39018705	RLC_unknown_Bd1-1734,ident_perc:=100.0,cov_perc:=17.0,tsd_len:=0,name_orig:=Bd2_RLC_23,class:=RLC	-	1364	1492.0	10	39017349	39018704	20	18
Bd1	39049269	39050620	RLC_unknown_Bd1-1735,ident_perc:=100.0,cov_perc:=17.0,tsd_len:=0,name_orig:=Bd2_RLC_23,class:=RLC	+	1351	1463	15	39049268	39050624	23	22
Bd1	39574186	39575512	RLC_unknown_Bd1-1780,ident_perc:=100.0,cov_perc:=17.0,name_orig:=Bd4_RLC_47,class:=RLC	-	1326	1418.0	14	39574183	39575512	34	23
Bd1	39755960	39757322	RLX_unknown_Bd1-1492,ident_perc:=99.0,cov_perc:=12.0,name_orig:=Bd4_RLX_19,class:=RLX	-	1362	1473	27	39755964	39757312	12	9
Bd1	40420271	40421223	RLG_unknown_Bd1-3490,ident_perc:=95.0,cov_perc:=11.0,name_orig:=Bd2_RLG_45,class:=RLG	+	952	1000.0	22	40420270	40421234	10	12
Bd1	40496951	40498630	RLC_unknown_Bd1-1843,ident_perc:=97.0,cov_perc:=20.0,tsd_len:=3,name_orig:=Bd4_RLC_19,class:=RLC	-	1679	1851.5	2	40496782	40498635	15	14
Bd1	40619257	40624521	RLC_unknown_Bd1-42,tsd_len:=5,ltr_age:=1.081,name_orig:=Bd1_RLC_42,class:=RLC	+	5264	5383	9	40619256	40624521	3	6
Bd1	40739061	40740391	RLC_unknown_Bd1-1853,ident_perc:=99.0,cov_perc:=16.0,tsd_len:=1,name_orig:=Bd2_RLC_14,class:=RLC	+	1330	1369	3	40739064	40740391	11	7
Bd1	40834631	40835586	RLG_unknown_Bd1-3545,ident_perc:=98.0,cov_perc:=12.0,tsd_len:=3,name_orig:=Bd3_RLG_32,class:=RLG	+	955	1104.0	4	40834632	40835587	7	4
Bd1	40893415	40894741	RLG_unknown_Bd1-3554,ident_perc:=98.0,cov_perc:=10.0,name_orig:=Bd5_RLG_4,class:=RLG	+	1326	1459	5	40893414	40894742	6	6
Bd1	40897149	40901803	RLC_unknown_Bd1-1873,ident_perc:=92.0,cov_perc:=46.0,name_orig:=Bd1_RLC_63,class:=RLC	-	4654	4807.0	12	40897122	40901793	8	14
Bd1	41187686	41188684	RLX_unknown_Bd1-1563,ident_perc:=97.0,cov_perc:=16.0,tsd_len:=2,name_orig:=Bd2_RLX_10,class:=RLX	-	998	1073	5	41187685	41188681	8	8
Bd1	41491827	41496417	RLC_unknown_Bd1-44,tsd_len:=3,ltr_age:=1.042,name_orig:=Bd1_RLC_44,class:=RLC	-	4590	4714	27	41491828	41496417	47	27
Bd1	41621011	41622713	RLC_unknown_Bd1-1926,ident_perc:=100.0,cov_perc:=20.0,tsd_len:=5,name_orig:=Bd3_RLC_47,class:=RLC	-	1702	1825	13	41621010	41622713	13	9
Bd1	41998553	41999911	RLC_unknown_Bd1-1944,ident_perc:=98.0,cov_perc:=17.0,tsd_len:=0,name_orig:=Bd2_RLC_30,class:=RLC	-	1358	1463	21	41998552	41999904	15	11
Bd1	42154032	42155370	RLG_unknown_Bd1-3688,ident_perc:=97.0,cov_perc:=18.0,name_orig:=Bd5_RLG_18,class:=RLG	-	1338	1474	1	42154028	42155502	5	5
Bd1	42468311	42469665	RLC_unknown_Bd1-1961,ident_perc:=96.0,cov_perc:=17.0,tsd_len:=0,name_orig:=Bd3_RLC_43,class:=RLC	+	1354	1427.5	16	42468276	42469664	7	8
Bd1	43353774	43354841	RLX_unknown_Bd1-1661,ident_perc:=99.0,cov_perc:=11.0,tsd_len:=0,name_orig:=Bd1_RLX_14,class:=RLX	-	1067	1267	7	43353575	43354839	12	10
Bd1	43374055	43375382	RLC_unknown_Bd1-1997,ident_perc:=100.0,cov_perc:=17.0,tsd_len:=5,name_orig:=Bd3_RLC_10,class:=RLC	-	1327	1500	3	43374047	43375381	27	20
Bd1	44432419	44434132	RLC_unknown_Bd1-2047,ident_perc:=99.0,cov_perc:=20.0,tsd_len:=4,name_orig:=Bd4_RLC_19,class:=RLC	-	1713	1894.5	8	44432420	44434132	16	12
Bd1	44688416	44696414	RLC_unknown_Bd1-50,tsd_len:=5,ltr_age:=0.146,name_orig:=Bd1_RLC_50,class:=RLC	+	7998	8174	19	44696630	44696414	52	34
Bd1	44722138	44725833	RLG_unknown_Bd1-3904,ident_perc:=96.0,cov_perc:=22.0,name_orig:=Bd2_RLG_32,class:=RLG	-	3695	3867	13	44722140	44725832	54	51
Bd1	44850682	44859389	RLC_unknown_Bd1-2060,ident_perc:=100.0,cov_perc:=100.0,ltr_age:=0.069,name_orig:=Bd4_RLC_44,class:=RLC	-	8707	8816.0	20	44850683	44859389	38	25
Bd1	46961327	46962283	RLG_unknown_Bd1-4088,ident_perc:=98.0,cov_perc:=12.0,tsd_len:=2,name_orig:=Bd3_RLG_41,class:=RLG	+	956	1062	21	46961329	46962279	19	18
Bd1	47279799	47281445	RLC_unknown_Bd1-2150,ident_perc:=99.0,cov_perc:=19.0,tsd_len:=5,name_orig:=Bd1_RLC_45,class:=RLC	+	1646	1802.0	4	47279691	47281446	10	8
Bd1	47363739	47379390	RLC_unknown_Bd1-53,tsd_len:=2,ltr_age:=0.046,name_orig:=Bd1_RLC_53,class:=RLC	-	15651	15661.0	6	47363754	47379372	43	36
Bd1	47482339	47486589	DTH_J_Bd1-4,tsd_len:=3,name_orig:=DTH_J_Bd1-4,class:=DTH	-	4250	4346.5	16	47482341	47486588	12	9
Bd1	47520460	47522173	RLC_unknown_Bd1-2165,ident_perc:=99.0,cov_perc:=20.0,tsd_len:=4,name_orig:=Bd3_RLC_47,class:=RLC	-	1713	1830	5	47520438	47522171	22	23
Bd1	47538656	47541780	RIX_noname_Bd1-556,tsd_len:=1,name_orig:=RIX_noname_Bd1-556,class:=RIX	-	3124	3550.5	6	47538566	47541942	16	16
Bd1	47542500	47544357	RLG_unknown_Bd1-4133,ident_perc:=93.0,cov_perc:=13.0,name_orig:=Bd1_RLG_54,class:=RLG	+	1857	1868.5	10	47542506	47544357	7	8
Bd1	48036557	48038248	RLG_unknown_Bd1-4176,ident_perc:=99.0,cov_perc:=12.0,name_orig:=Bd2_RLG_63,class:=RLG	+	1691	1836.5	12	48036557	48038240	20	12
Bd1	48110636	48115196	DTT_H_Bd1-8,tsd_len:=0,name_orig:=DTT_H_Bd1-8,class:=DTT	+	4560	4623	13	48110638	48115194	15	10
Bd1	48174164	48175164	RLG_unknown_Bd1-4189,ident_perc:=88.0,cov_perc:=7.0,name_orig:=Bd3_RLG_60,class:=RLG	+	1000	1073.5	4	48174127	48175168	7	7
Bd1	49183137	49183559	RIX_noname_Bd1-573,tsd_len:=0,name_orig:=RIX_noname_Bd1-573,class:=RIX	-	422	783.5	18	49182855	49183553	11	12
Bd1	49203761	49205118	RLC_unknown_Bd1-2232,ident_perc:=98.0,cov_perc:=17.0,tsd_len:=2,name_orig:=Bd2_RLC_30,class:=RLC	+	1357	1443	19	49203764	49205118	15	14
Bd1	50673187	50674901	RLC_unknown_Bd1-2300,ident_perc:=100.0,cov_perc:=20.0,tsd_len:=0,name_orig:=Bd4_RLC_19,class:=RLC	+	1714	1907.5	2	50673159	50675036	20	14
Bd1	50753895	50755220	RLC_unknown_Bd1-2303,ident_perc:=100.0,cov_perc:=16.0,name_orig:=Bd2_RLC_19,class:=RLC	-	1325	1447	9	50753895	50755220	63	48
Bd1	51718672	51720002	RLC_unknown_Bd1-2375,ident_perc:=100.0,cov_perc:=17.0,tsd_len:=5,name_orig:=Bd1_RLC_35,class:=RLC	-	1330	1479	7	51718613	51720017	26	17
Bd1	51922519	51924231	RLC_unknown_Bd1-2383,ident_perc:=100.0,cov_perc:=20.0,tsd_len:=5,name_orig:=Bd4_RLC_19,class:=RLC	+	1712	1792	17	51922519	51924231	32	14
Bd1	51948283	51949326	RLG_unknown_Bd1-4481,ident_perc:=87.0,cov_perc:=7.0,name_orig:=Bd3_RLG_69,class:=RLG	-	1043	1120.0	10	51948282	51949349	9	11
Bd1	51951626	51952723	RLC_unknown_Bd1-2384,ident_perc:=86.0,cov_perc:=11.0,tsd_len:=0,name_orig:=Bd2_RLC_29,class:=RLC	-	1097	1313.0	16	51951461	51952725	9	8
Bd1	52240671	52242383	RLC_unknown_Bd1-2395,ident_perc:=100.0,cov_perc:=20.0,tsd_len:=5,name_orig:=Bd4_RLC_19,class:=RLC	+	1712	1814	111	52240670	52242383	52	36
Bd1	52433581	52436694	RLX_unknown_Bd1-1983,ident_perc:=94.0,cov_perc:=26.0,name_orig:=Bd2_RLX_19,class:=RLX	+	3113	3229	21	52433582	52436693	11	11
Bd1	52543698	52545418	RLC_unknown_Bd1-2410,ident_perc:=100.0,cov_perc:=20.0,tsd_len:=5,name_orig:=Bd4_RLC_19,class:=RLC	-	1720	1798	33	52543697	52545418	19	9
Bd1	54120364	54120634	DTH_Tourist_S_Bd1-18,tsd_len:=1,name_orig:=DTH_Tourist_S_Bd1-18,class:=DTH	+	270	610.5	2	54120363	54120784	16	10
Bd1	54128321	54133794	DTC_B_Bd1-95,tsd_len:=3,name_orig:=DTC_B_Bd1-95,class:=DTC	-	5473	5533.0	12	54128320	54133794	10	10
Bd1	54609559	54611295	RLC_unknown_Bd1-2508,ident_perc:=99.0,cov_perc:=20.0,tsd_len:=5,name_orig:=Bd1_RLC_18,class:=RLC	-	1736	1853	7	54609559	54611314	28	19
Bd1	55241451	55242779	RLC_unknown_Bd1-2542,ident_perc:=100.0,cov_perc:=18.0,name_orig:=Bd2_RLC_39,class:=RLC	+	1328	1421.5	10	55241411	55242779	44	48
Bd1	55368940	55370655	RLC_unknown_Bd1-2548,ident_perc:=99.0,cov_perc:=20.0,tsd_len:=4,name_orig:=Bd3_RLC_47,class:=RLC	-	1715	1830.5	6	55368929	55370673	18	12
Bd1	55827987	55829679	RLC_unknown_Bd1-2573,ident_perc:=99.0,cov_perc:=19.0,name_orig:=Bd1_RLC_53,class:=RLC	-	1692	1801	21	55827984	55829678	13	8
Bd1	55896998	55898354	RLG_unknown_Bd1-4797,ident_perc:=99.0,cov_perc:=18.0,name_orig:=Bd5_RLG_18,class:=RLG	+	1356	1445.5	26	55896998	55898354	13	14
Bd1	55989255	55990616	RLG_unknown_Bd1-4802,ident_perc:=99.0,cov_perc:=18.0,name_orig:=Bd5_RLG_18,class:=RLG	-	1361	1589.5	42	55989258	55990613	42	24
Bd1	56067983	56068200	DTT_Stowaway_G_Bd1-74,tsd_len:=1,name_orig:=DTT_Stowaway_G_Bd1-74,class:=DTT	+	217	628	1	56067549	56068226	21	12
Bd1	56975434	56976429	RLG_unknown_Bd1-4866,ident_perc:=87.0,cov_perc:=6.0,name_orig:=Bd1_RLG_60,class:=RLG	+	995	1393	19	56976895	56978247	6	9
Bd1	57089826	57093847	DTA_noname_Bd1-159,tsd_len:=0,name_orig:=DTA_noname_Bd1-159,class:=DTA	-	4021	4476	27	57094366	57087038	10	10
Bd1	57195237	57195517	RLG_unknown_Bd1-4877,ident_perc:=87.0,cov_perc:=1.0,name_orig:=Bd1_RLG_58,class:=RLG	-	280	644.0	2	57195914	57196472	12	10
Bd1	57801435	57806015	RLC_unknown_Bd1-2662,ident_perc:=97.0,cov_perc:=47.0,name_orig:=Bd1_RLC_63,class:=RLC	+	4580	4710	9	57801423	57806014	41	37
Bd1	58258956	58260290	RLC_unknown_Bd1-2683,ident_perc:=100.0,cov_perc:=17.0,tsd_len:=0,name_orig:=Bd1_RLC_35,class:=RLC	-	1334	1399	19	58258955	58260285	39	27
Bd1	58707111	58707250	RIX_noname_Bd1-675,tsd_len:=1,name_orig:=RIX_noname_Bd1-675,class:=RIX	-	139	595	1	58707049	58707644	15	9
Bd1	59078236	59079566	RLC_unknown_Bd1-2722,ident_perc:=99.0,cov_perc:=16.0,tsd_len:=4,name_orig:=Bd2_RLC_14,class:=RLC	+	1330	1430.5	8	59078236	59079591	22	20
Bd1	59143532	59146733	RLG_unknown_Bd1-5038,ident_perc:=92.0,cov_perc:=26.0,name_orig:=Bd3_RLG_34,class:=RLG	+	3201	3398	7	59143531	59146732	5	7
Bd1	59203585	59210514	RLC_unknown_Bd1-2726,ident_perc:=99.0,cov_perc:=90.0,ltr_age:=1.954,name_orig:=Bd1_RLC_69,class:=RLC	+	6929	7380.5	12	59203212	59210513	26	29
Bd1	59642144	59643860	RLC_unknown_Bd1-2755,ident_perc:=100.0,cov_perc:=20.0,tsd_len:=3,name_orig:=Bd3_RLC_47,class:=RLC	+	1716	1865	7	59642143	59643893	25	23
Bd1	60183465	60184317	RLX_unknown_Bd1-2307,ident_perc:=94.0,cov_perc:=7.0,tsd_len:=3,name_orig:=Bd3_RLX_11,class:=RLX	+	852	931.5	24	60183467	60184317	11	12
Bd1	60388196	60389096	RLG_unknown_Bd1-5204,ident_perc:=91.0,cov_perc:=6.0,tsd_len:=5,name_orig:=Bd1_RLG_4,class:=RLG	+	900	1128	3	60387955	60389095	8	10
Bd1	60818864	60820188	RLC_unknown_Bd1-2804,ident_perc:=99.0,cov_perc:=16.0,tsd_len:=0,name_orig:=Bd2_RLC_14,class:=RLC	+	1324	1382	7	60818863	60820190	16	13
Bd1	60849672	60851011	RLC_unknown_Bd1-2810,ident_perc:=99.0,cov_perc:=16.0,tsd_len:=1,name_orig:=Bd2_RLC_14,class:=RLC	+	1339	1433.0	8	60849670	60851011	18	15
Bd1	60905131	60910182	RLC_unknown_Bd1-2815,ident_perc:=91.0,cov_perc:=103.0,ltr_age:=2.685,name_orig:=Bd1_RLC_36,class:=RLC	-	5051	5139.5	24	60905130	60910187	8	8
Bd1	61616862	61618535	RLG_unknown_Bd1-5316,ident_perc:=99.0,cov_perc:=10.0,name_orig:=Bd3_RLG_14,class:=RLG	-	1673	1754	23	61618968	61618535	15	9
Bd1	61931106	61932434	RLC_unknown_Bd1-2866,ident_perc:=99.0,cov_perc:=16.0,tsd_len:=2,name_orig:=Bd2_RLC_14,class:=RLC	-	1328	1418	19	61931107	61932434	13	14
Bd1	62177351	62178675	RLC_unknown_Bd1-2882,ident_perc:=97.0,cov_perc:=17.0,tsd_len:=5,name_orig:=Bd1_RLC_69,class:=RLC	+	1324	1429	29	62177350	62178675	10	10
Bd1	62237870	62239225	RLC_unknown_Bd1-2885,ident_perc:=96.0,cov_perc:=17.0,tsd_len:=0,name_orig:=Bd3_RLC_43,class:=RLC	-	1355	1431.0	18	62237865	62239225	12	11
Bd1	62273478	62276728	RLX_unknown_Bd1-2398,ident_perc:=96.0,cov_perc:=35.0,name_orig:=Bd4_RLX_10,class:=RLX	+	3250	3471.5	4	62273359	62276723	26	39
Bd1	63104585	63105921	RLC_unknown_Bd1-2920,ident_perc:=100.0,cov_perc:=17.0,tsd_len:=1,name_orig:=Bd1_RLC_35,class:=RLC	+	1336	1449	15	63104592	63105919	37	27
Bd1	63239748	63241079	RLC_unknown_Bd1-2929,ident_perc:=100.0,cov_perc:=18.0,name_orig:=Bd2_RLC_39,class:=RLC	-	1331	1439	9	63239747	63241075	37	24
Bd1	63261796	63263496	RLC_unknown_Bd1-2931,ident_perc:=99.0,cov_perc:=20.0,tsd_len:=7,name_orig:=Bd5_RLC_18,class:=RLC	+	1700	1784.0	10	63261795	63263495	47	63
Bd1	63446151	63446391	DTT_Stowaway_N_Bd1-6,tsd_len:=0,name_orig:=DTT_Stowaway_N_Bd1-6,class:=DTT	+	240	597	1	63446028	63446625	23	12
Bd1	63569170	63570853	RLG_unknown_Bd1-5453,ident_perc:=99.0,cov_perc:=10.0,name_orig:=Bd3_RLG_14,class:=RLG	-	1683	1837.0	4	63569053	63570860	18	13
Bd1	64120889	64122218	RLC_unknown_Bd1-2964,ident_perc:=100.0,cov_perc:=18.0,name_orig:=Bd2_RLC_39,class:=RLC	-	1329	1465.5	26	64120890	64122218	36	21
Bd1	65065537	65066866	RLC_unknown_Bd1-2993,ident_perc:=100.0,cov_perc:=18.0,name_orig:=Bd2_RLC_39,class:=RLC	-	1329	1444.0	34	65065537	65066863	40	21
Bd1	66247910	66252510	RLG_unknown_Bd1-5605,ident_perc:=97.0,cov_perc:=26.0,name_orig:=Bd1_RLG_41,class:=RLG	+	4600	4661.5	28	66253119	66252509	51	41
Bd1	67926421	67927471	RLX_unknown_Bd1-2594,ident_perc:=97.0,cov_perc:=10.0,tsd_len:=0,name_orig:=Bd4_RLX_13,class:=RLX	-	1050	1155.0	14	67926415	67927456	7	5
Bd1	68369834	68370698	RLC_unknown_Bd1-3115,ident_perc:=93.0,cov_perc:=8.0,name_orig:=Bd3_RLC_26,class:=RLC	-	864	1082.0	6	68369846	68370799	12	14
Bd1	69297652	69298989	RLC_unknown_Bd1-3138,ident_perc:=97.0,cov_perc:=17.0,tsd_len:=0,name_orig:=Bd1_RLC_69,class:=RLC	-	1337	1442.5	24	69297651	69298976	14	13
Bd1	69322303	69322448	RLG_unknown_Bd1-5776,ident_perc:=75.0,cov_perc:=2.0,name_orig:=Bd2_RLG_37,class:=RLG	-	145	600	1	69322308	69322956	18	12
Bd1	69434094	69435449	RLG_unknown_Bd1-5788,ident_perc:=98.0,cov_perc:=9.0,name_orig:=Bd4_RLG_51,class:=RLG	+	1355	1442.5	22	69434095	69435448	12	11
Bd1	69780717	69782439	RLC_unknown_Bd1-3155,ident_perc:=99.0,cov_perc:=20.0,tsd_len:=0,name_orig:=Bd3_RLC_47,class:=RLC	-	1722	1816.5	20	69780722	69782444	18	8
Bd1	69937620	69939299	RLG_unknown_Bd1-5804,ident_perc:=99.0,cov_perc:=10.0,name_orig:=Bd3_RLG_14,class:=RLG	+	1679	1773	15	69939859	69939298	10	8
Bd1	69939996	69940208	DTH_F_Bd1-42,tsd_len:=2,name_orig:=DTH_F_Bd1-42,class:=DTH	+	212	667.0	2	69940005	69940540	9	7
Bd1	70895249	70901195	RLC_unknown_Bd1-79,tsd_len:=5,ltr_age:=0.108,name_orig:=Bd1_RLC_79,class:=RLC	-	5946	6094	25	70895249	70901192	27	24
Bd1	71796155	71797844	RLG_unknown_Bd1-5948,ident_perc:=99.0,cov_perc:=10.0,name_orig:=Bd3_RLG_14,class:=RLG	+	1689	1853.5	12	71796157	71797836	28	18
Bd1	72973960	72975282	RLC_unknown_Bd1-3240,ident_perc:=97.0,cov_perc:=17.0,tsd_len:=5,name_orig:=Bd1_RLC_69,class:=RLC	+	1322	1417.0	24	72973959	72975282	8	10
Bd1	73154034	73155360	RLC_unknown_Bd1-3247,ident_perc:=100.0,cov_perc:=17.0,tsd_len:=1,name_orig:=Bd1_RLC_43,class:=RLC	+	1326	1432	25	73154034	73155360	20	16
Bd1	74344742	74346078	RLC_unknown_Bd1-3276,ident_perc:=100.0,cov_perc:=17.0,tsd_len:=1,name_orig:=Bd3_RLC_10,class:=RLC	+	1336	1430	21	74344741	74346068	23	17
Bd1	74352860	74353962	RLX_unknown_Bd1-2765,ident_perc:=99.0,cov_perc:=12.0,tsd_len:=0,name_orig:=Bd1_RLX_14,class:=RLX	-	1102	1213.5	26	74352847	74353971	12	10
Bd1	74899739	74904902	RLC_unknown_Bd1-3289,ident_perc:=98.0,cov_perc:=100.0,ltr_age:=0.219,name_orig:=Bd3_RLC_15,class:=RLC	+	5163	5308	7	74905123	74904962	6	8
Bd2	792514	797761	RLC_unknown_Bd2-1,tsd_len:=5,ltr_age:=0.415,name_orig:=Bd2_RLC_1,class:=RLC	+	5247	5388	13	792512	797764	23	13
Bd2	1139597	1140941	RLX_unknown_Bd2-48,ident_perc:=98.0,cov_perc:=19.0,tsd_len:=5,name_orig:=Bd4_RLX_3,class:=RLX	-	1344	1448.5	26	1139596	1140941	24	16
Bd2	1160415	1165809	RLC_unknown_Bd2-5,tsd_len:=5,ltr_age:=0.092,name_orig:=Bd2_RLC_5,class:=RLC	-	5394	5540	23	1160416	1165809	24	21
Bd2	1461465	1466304	RLC_unknown_Bd2-110,ident_perc:=99.0,cov_perc:=58.0,name_orig:=Bd2_RLC_6,class:=RLC	+	4839	5125	13	1461318	1466303	40	35
Bd2	1760038	1761380	RLX_unknown_Bd2-60,ident_perc:=99.0,cov_perc:=19.0,tsd_len:=5,name_orig:=Bd4_RLX_1,class:=RLX	-	1342	1423	11	1760037	1761379	42	41
Bd2	1763070	1765368	RLC_unknown_Bd2-121,ident_perc:=98.0,cov_perc:=29.0,name_orig:=Bd2_RLC_21,class:=RLC	+	2298	2549.5	20	1762868	1765365	22	40
Bd2	2391399	2391688	RLG_unknown_Bd2-164,ident_perc:=92.0,cov_perc:=2.0,tsd_len:=0,name_orig:=Bd5_RLG_27,class:=RLG	-	289	700	1	2392288	2392975	8	7
Bd2	2976482	2977067	RLG_unknown_Bd2-189,ident_perc:=96.0,cov_perc:=3.0,name_orig:=Bd5_RLG_20,class:=RLG	+	585	942	23	2976290	2977120	10	12
Bd2	2979826	2980031	RLC_unknown_Bd2-165,ident_perc:=83.0,cov_perc:=4.0,name_orig:=Bd1_RLC_47,class:=RLC	+	205	597	1	2979794	2980478	14	14
Bd2	3046337	3046469	DTH_Tourist_P_Bd2-17,tsd_len:=2,name_orig:=DTH_Tourist_P_Bd2-17,class:=DTH	-	132	600	1	3046055	3046745	7	7
Bd2	4602117	4602502	RLC_unknown_Bd2-229,ident_perc:=85.0,cov_perc:=5.0,tsd_len:=1,name_orig:=Bd4_RLC_56,class:=RLC	+	385	612	1	4602913	4603525	7	10
Bd2	4839444	4840789	RLX_unknown_Bd2-160,ident_perc:=97.0,cov_perc:=19.0,tsd_len:=3,name_orig:=Bd4_RLX_1,class:=RLX	+	1345	1455.0	20	4839445	4840788	10	10
Bd2	6025476	6026802	RLG_unknown_Bd2-333,ident_perc:=99.0,cov_perc:=10.0,name_orig:=Bd5_RLG_4,class:=RLG	+	1326	1455.0	14	6025455	6026802	15	12
Bd2	6050746	6051682	RLG_unknown_Bd2-335,ident_perc:=98.0,cov_perc:=11.0,tsd_len:=0,name_orig:=Bd3_RLG_41,class:=RLG	+	936	1278.5	14	6050656	6051696	13	11
Bd2	6112178	6112704	RLX_unknown_Bd2-192,ident_perc:=69.0,cov_perc:=2.0,name_orig:=Bd1_RLX_8,class:=RLX	-	526	656	5	6111991	6112761	5	8
Bd2	6790551	6792264	RLC_unknown_Bd2-304,ident_perc:=100.0,cov_perc:=20.0,tsd_len:=4,name_orig:=Bd4_RLC_19,class:=RLC	+	1713	1867.0	22	6790550	6792262	24	13
Bd2	6901482	6902809	RLC_unknown_Bd2-307,ident_perc:=99.0,cov_perc:=16.0,name_orig:=Bd2_RLC_19,class:=RLC	+	1327	1465.0	4	6901481	6902810	17	11
Bd2	7661099	7662428	RLC_unknown_Bd2-336,ident_perc:=100.0,cov_perc:=18.0,name_orig:=Bd2_RLC_39,class:=RLC	+	1329	1462.0	4	7661072	7662428	31	24
Bd2	7771872	7773537	RLC_unknown_Bd2-339,ident_perc:=99.0,cov_perc:=19.0,tsd_len:=1,name_orig:=Bd1_RLC_45,class:=RLC	-	1665	1789	23	7771871	7773533	15	12
Bd2	8542810	8543854	RLG_unknown_Bd2-508,ident_perc:=94.0,cov_perc:=8.0,tsd_len:=5,name_orig:=Bd1_RLG_42,class:=RLG	-	1044	1186.5	10	8542771	8543854	13	9
Bd2	9236883	9237510	RLC_unknown_Bd2-404,ident_perc:=94.0,cov_perc:=9.0,tsd_len:=5,name_orig:=Bd5_RLC_9,class:=RLC	-	627	714	21	9236883	9237509	11	10
Bd2	9916059	9918812	RLG_unknown_Bd2-611,ident_perc:=86.0,cov_perc:=23.0,name_orig:=Bd3_RLG_34,class:=RLG	-	2753	3001	1	9915933	9918936	4	6
Bd2	9920083	9923397	RLG_unknown_Bd2-613,ident_perc:=86.0,cov_perc:=20.0,name_orig:=Bd4_RLG_48,class:=RLG	-	3314	3576	1	9919824	9923398	8	11
Bd2	9929429	9930770	RLC_unknown_Bd2-439,ident_perc:=96.0,cov_perc:=17.0,name_orig:=Bd3_RLC_54,class:=RLC	-	1341	1430	5	9929407	9930887	21	21
Bd2	11260925	11264160	RLX_unknown_Bd2-397,ident_perc:=87.0,cov_perc:=35.0,name_orig:=Bd4_RLX_10,class:=RLX	+	3235	3332	25	11260926	11264150	4	7
Bd2	11906240	11914928	RLC_unknown_Bd2-12,tsd_len:=5,ltr_age:=0.25,name_orig:=Bd2_RLC_12,class:=RLC	-	8688	8811	9	11906239	11914928	30	31
Bd2	11916782	11918495	RLC_unknown_Bd2-550,ident_perc:=99.0,cov_perc:=20.0,tsd_len:=5,name_orig:=Bd3_RLC_47,class:=RLC	+	1713	1827.5	14	11916782	11918495	14	14
Bd2	14103470	14104790	RLC_unknown_Bd2-655,ident_perc:=99.0,cov_perc:=15.0,tsd_len:=1,name_orig:=Bd2_RLC_14,class:=RLC	+	1320	1515	7	14103480	14104838	6	7
Bd2	14879572	14880942	RLC_unknown_Bd2-695,ident_perc:=100.0,cov_perc:=17.0,tsd_len:=0,name_orig:=Bd2_RLC_23,class:=RLC	-	1370	1462.5	26	14879572	14880927	21	13
Bd2	15001235	15002561	RLC_unknown_Bd2-700,ident_perc:=100.0,cov_perc:=17.0,tsd_len:=5,name_orig:=Bd2_RLC_41,class:=RLC	+	1326	1434.0	20	15001234	15002560	27	15
Bd2	15594510	15595834	RLC_unknown_Bd2-723,ident_perc:=100.0,cov_perc:=17.0,tsd_len:=4,name_orig:=Bd1_RLC_43,class:=RLC	-	1324	1470	9	15594463	15595840	23	18
Bd2	15619522	15620864	RLX_unknown_Bd2-540,ident_perc:=99.0,cov_perc:=19.0,tsd_len:=5,name_orig:=Bd4_RLX_1,class:=RLX	-	1342	1449	29	15619521	15620863	42	25
Bd2	15939770	15940517	RLC_unknown_Bd2-741,ident_perc:=96.0,cov_perc:=13.0,tsd_len:=0,name_orig:=Bd3_RLC_49,class:=RLC	-	747	814.0	16	15939781	15940499	14	8
Bd2	17822301	17824012	RLC_unknown_Bd2-821,ident_perc:=99.0,cov_perc:=20.0,tsd_len:=5,name_orig:=Bd4_RLC_19,class:=RLC	-	1711	1887.0	2	17822166	17824011	15	12
Bd2	18630052	18631731	RLG_unknown_Bd2-1274,ident_perc:=99.0,cov_perc:=10.0,name_orig:=Bd3_RLG_14,class:=RLG	-	1679	1770.5	6	18630051	18631733	13	8
Bd2	18883902	18887190	RLC_unknown_Bd2-855,ident_perc:=97.0,cov_perc:=21.0,name_orig:=Bd2_RLC_24,class:=RLC	-	3288	3424	3	18883851	18887188	20	23
Bd2	19047860	19049190	RLC_unknown_Bd2-864,ident_perc:=99.0,cov_perc:=16.0,tsd_len:=3,name_orig:=Bd2_RLC_14,class:=RLC	-	1330	1408	7	19047856	19049190	15	13
Bd2	19825166	19829267	DTH_M_Bd2-4,tsd_len:=0,name_orig:=DTH_M_Bd2-4,class:=DTH	+	4101	4241.5	20	19825163	19829267	5	8
Bd2	20387667	20390947	RLG_unknown_Bd2-1451,ident_perc:=90.0,cov_perc:=29.0,name_orig:=Bd1_RLG_39,class:=RLG	+	3280	3431.0	2	20387633	20391042	7	6
Bd2	20407852	20408861	RLX_unknown_Bd2-690,ident_perc:=98.0,cov_perc:=16.0,tsd_len:=5,name_orig:=Bd2_RLX_10,class:=RLX	-	1009	1257.5	2	20407744	20408869	12	8
Bd2	20497210	20500584	RLG_unknown_Bd2-1479,ident_perc:=93.0,cov_perc:=31.0,name_orig:=Bd3_RLG_9,class:=RLG	-	3374	3506.0	12	20497210	20500582	9	8
Bd2	21437883	21439201	RLC_unknown_Bd2-979,ident_perc:=100.0,cov_perc:=16.0,tsd_len:=0,name_orig:=Bd2_RLC_14,class:=RLC	-	1318	1462	17	21437874	21439201	15	11
Bd2	21892759	21894082	RLC_unknown_Bd2-1017,ident_perc:=99.0,cov_perc:=17.0,tsd_len:=0,name_orig:=Bd3_RLC_10,class:=RLC	+	1323	1432.0	14	21892755	21894082	15	12
Bd2	22449802	22453105	RLG_unknown_Bd2-1666,ident_perc:=92.0,cov_perc:=13.0,name_orig:=Bd3_RLG_20,class:=RLG	-	3303	3583	1	22449704	22453337	15	19
Bd2	22948825	22949844	RLC_unknown_Bd2-1089,ident_perc:=95.0,cov_perc:=15.0,tsd_len:=4,name_orig:=Bd5_RLC_9,class:=RLC	-	1019	1102.5	14	22948802	22949843	8	9
Bd2	25499549	25500570	RLG_unknown_Bd2-2027,ident_perc:=98.0,cov_perc:=13.0,name_orig:=Bd2_RLG_30,class:=RLG	+	1021	1151	7	25499548	25500582	15	10
Bd2	25872963	25881351	RLG_unknown_Bd2-36,tsd_len:=2,ltr_age:=0.119,name_orig:=Bd2_RLG_36,class:=RLG	-	8388	8484	21	25872971	25881345	51	60
Bd2	25918648	25919974	RLC_unknown_Bd2-1252,ident_perc:=99.0,cov_perc:=17.0,tsd_len:=5,name_orig:=Bd3_RLC_31,class:=RLC	-	1326	1345.5	10	25918648	25919974	17	9
Bd2	26627220	26628937	RLC_unknown_Bd2-1304,ident_perc:=99.0,cov_perc:=20.0,tsd_len:=5,name_orig:=Bd4_RLC_19,class:=RLC	+	1717	1844	15	26627220	26628937	15	11
Bd2	26639484	26640810	RLC_unknown_Bd2-1305,ident_perc:=100.0,cov_perc:=17.0,tsd_len:=5,name_orig:=Bd4_RLC_43,class:=RLC	-	1326	1473	19	26639473	26640810	73	64
Bd2	27390156	27391506	RLC_unknown_Bd2-1350,ident_perc:=100.0,cov_perc:=17.0,name_orig:=Bd4_RLC_31,class:=RLC	-	1350	1498	13	27390155	27391508	27	18
Bd2	27465381	27473247	RLC_unknown_Bd2-21,tsd_len:=5,ltr_age:=0.058,name_orig:=Bd2_RLC_21,class:=RLC	+	7866	8015	19	27465380	27473247	63	38
Bd2	28381470	28382478	RLX_unknown_Bd2-1031,ident_perc:=94.0,cov_perc:=101.0,ltr_age:=0.038,name_orig:=Bd3_RLX_4,class:=RLX	+	1008	1197	19	28381470	28382476	27	21
Bd2	28465378	28466420	RLX_unknown_Bd2-1042,ident_perc:=97.0,cov_perc:=8.0,name_orig:=Bd2_RLX_9,class:=RLX	-	1042	1153.5	10	28465381	28466420	44	31
Bd2	28745337	28753252	RLC_unknown_Bd2-23,tsd_len:=5,ltr_age:=0.027,name_orig:=Bd2_RLC_23,class:=RLC	+	7915	8062	7	28745336	28753252	27	22
Bd2	29066434	29069706	RLG_unknown_Bd2-2690,ident_perc:=95.0,cov_perc:=31.0,name_orig:=Bd3_RLG_9,class:=RLG	-	3272	3333	13	29070234	29069696	50	37
Bd2	29384435	29389661	RLX_unknown_Bd2-1181,ident_perc:=94.0,cov_perc:=100.0,ltr_age:=2.558,name_orig:=Bd2_RLX_7,class:=RLX	+	5226	5302	15	29384434	29389661	297	223
Bd2	29682256	29683586	RLC_unknown_Bd2-1514,ident_perc:=100.0,cov_perc:=18.0,name_orig:=Bd2_RLC_39,class:=RLC	-	1330	1426	21	29682258	29683585	38	24
Bd2	30396433	30404398	RLC_unknown_Bd2-26,tsd_len:=5,ltr_age:=0.146,name_orig:=Bd2_RLC_26,class:=RLC	-	7965	8181	1	30396279	30404460	45	32
Bd2	30482117	30485410	RLC_unknown_Bd2-1584,ident_perc:=95.0,cov_perc:=21.0,name_orig:=Bd2_RLC_24,class:=RLC	-	3293	3396.0	12	30482116	30485406	29	21
Bd2	30828359	30829713	RLC_unknown_Bd2-1619,ident_perc:=100.0,cov_perc:=17.0,tsd_len:=5,name_orig:=Bd2_RLC_23,class:=RLC	+	1354	1741.0	8	30829890	30829732	14	10
Bd2	30829895	30831591	RLC_unknown_Bd2-1621,ident_perc:=99.0,cov_perc:=20.0,tsd_len:=3,name_orig:=Bd3_RLC_44,class:=RLC	-	1696	1762.5	6	30829890	30831589	18	17
Bd2	30881086	30882432	RLC_unknown_Bd2-1624,ident_perc:=100.0,cov_perc:=17.0,tsd_len:=0,name_orig:=Bd2_RLC_27,class:=RLC	-	1346	1470.5	24	30881085	30882438	17	9
Bd2	31669466	31672625	RLX_unknown_Bd2-1322,ident_perc:=93.0,cov_perc:=60.0,name_orig:=Bd2_RLX_7,class:=RLX	+	3159	3432.5	4	31673194	31676560	7	8
Bd2	32115578	32116580	RLX_unknown_Bd2-1348,ident_perc:=96.0,cov_perc:=16.0,tsd_len:=1,name_orig:=Bd2_RLX_10,class:=RLX	+	1002	1189	3	32115579	32116764	7	8
Bd2	32335012	32338424	DTA_noname_Bd2-75,tsd_len:=5,name_orig:=DTA_noname_Bd2-75,class:=DTA	-	3412	3529.5	24	32335014	32338424	18	10
Bd2	32363977	32364982	RLX_unknown_Bd2-1358,ident_perc:=96.0,cov_perc:=16.0,tsd_len:=2,name_orig:=Bd2_RLX_10,class:=RLX	-	1005	1115	9	32363957	32364982	10	11
Bd2	32528016	32529730	RLC_unknown_Bd2-1723,ident_perc:=99.0,cov_perc:=20.0,tsd_len:=5,name_orig:=Bd3_RLC_47,class:=RLC	-	1714	1835.0	4	32527984	32529745	15	13
Bd2	32601250	32602577	RLC_unknown_Bd2-1725,ident_perc:=99.0,cov_perc:=16.0,tsd_len:=4,name_orig:=Bd2_RLC_14,class:=RLC	+	1327	1387.5	8	32601250	32602577	16	18
Bd2	32645075	32659628	RLG_unknown_Bd2-59,tsd_len:=5,ltr_age:=0.423,name_orig:=Bd2_RLG_59,class:=RLG	-	14553	14664.5	2	32645071	32659711	15	21
Bd2	33122291	33124011	RLC_unknown_Bd2-1754,ident_perc:=98.0,cov_perc:=21.0,name_orig:=Bd1_RLC_5,class:=RLC	-	1720	1854	7	33122269	33124011	19	22
Bd2	33463789	33465500	RLC_unknown_Bd2-1777,ident_perc:=100.0,cov_perc:=20.0,tsd_len:=5,name_orig:=Bd3_RLC_47,class:=RLC	-	1711	1845.5	14	33463789	33465499	34	22
Bd2	33687465	33689179	RLC_unknown_Bd2-1790,ident_perc:=99.0,cov_perc:=20.0,tsd_len:=5,name_orig:=Bd5_RLC_18,class:=RLC	-	1714	1852.0	2	33687435	33689220	108	104
Bd2	34134210	34135569	RLG_unknown_Bd2-3433,ident_perc:=100.0,cov_perc:=18.0,name_orig:=Bd5_RLG_18,class:=RLG	-	1359	1490.5	8	34134214	34135569	16	9
Bd2	34297907	34298918	RLX_unknown_Bd2-1435,ident_perc:=96.0,cov_perc:=16.0,tsd_len:=5,name_orig:=Bd2_RLX_10,class:=RLX	+	1011	1155	25	34297906	34298918	37	39
Bd2	34603028	34603529	DTM_0267_nona_Bd2-7,tsd_len:=1,name_orig:=DTM_0267_nona_Bd2-7,class:=DTM	+	501	778	17	34603826	34603526	7	10
Bd2	34603879	34604694	RIX_noname_Bd2-405,tsd_len:=4,name_orig:=RIX_noname_Bd2-405,class:=RIX	+	815	1237	7	34603826	34605030	1	2
Bd2	34758544	34762387	RIX_noname_Bd2-406,tsd_len:=1,name_orig:=RIX_noname_Bd2-406,class:=RIX	-	3843	3964	23	34758516	34762393	3	6
Bd2	35261408	35262684	RLG_unknown_Bd2-3533,ident_perc:=98.0,cov_perc:=10.0,name_orig:=Bd5_RLG_4,class:=RLG	-	1276	1410.5	14	35261407	35262733	13	10
Bd2	35635053	35641274	RLC_unknown_Bd2-1892,ident_perc:=97.0,cov_perc:=93.0,name_orig:=Bd5_RLC_9,class:=RLC	+	6221	6347	33	35635051	35641274	24	22
Bd2	35708369	35710081	RLC_unknown_Bd2-1894,ident_perc:=99.0,cov_perc:=20.0,tsd_len:=5,name_orig:=Bd3_RLC_47,class:=RLC	-	1712	1830	21	35710357	35710080	21	12
Bd2	35932510	35932845	DTH_Tourist_E_Bd2-4,tsd_len:=0,name_orig:=DTH_Tourist_E_Bd2-4,class:=DTH	-	335	606	3	35932328	35932849	9	8
Bd2	36342824	36353948	DTC_B_Bd2-72,tsd_len:=3,name_orig:=DTC_B_Bd2-72,class:=DTC	+	11124	11265	11	36342824	36353953	12	28
Bd2	37040996	37042324	RLC_unknown_Bd2-1953,ident_perc:=99.0,cov_perc:=16.0,tsd_len:=4,name_orig:=Bd2_RLC_14,class:=RLC	+	1328	1415	17	37040996	37042323	22	13
Bd2	37089601	37090925	RLC_unknown_Bd2-1956,ident_perc:=97.0,cov_perc:=17.0,tsd_len:=5,name_orig:=Bd1_RLC_69,class:=RLC	+	1324	1410	5	37089589	37090925	6	9
Bd2	38446103	38447431	RLC_unknown_Bd2-2025,ident_perc:=98.0,cov_perc:=17.0,tsd_len:=2,name_orig:=Bd3_RLC_10,class:=RLC	+	1328	1438.0	30	38446103	38447428	30	33
Bd2	38743364	38744183	RLG_unknown_Bd2-3756,ident_perc:=85.0,cov_perc:=6.0,tsd_len:=4,name_orig:=Bd3_RLG_63,class:=RLG	+	819	896	27	38743364	38744183	12	12
Bd2	38834238	38839125	RLC_unknown_Bd2-38,tsd_len:=5,ltr_age:=0.95,name_orig:=Bd2_RLC_38,class:=RLC	-	4887	4961	5	38834237	38839125	2	4
Bd2	39065461	39070661	RLC_unknown_Bd2-2056,ident_perc:=100.0,cov_perc:=100.0,ltr_age:=0.0,name_orig:=Bd1_RLC_57,class:=RLC	+	5200	5279.5	20	39065461	39070661	30	17
Bd2	39817058	39818386	RLC_unknown_Bd2-2103,ident_perc:=99.0,cov_perc:=16.0,name_orig:=Bd2_RLC_19,class:=RLC	-	1328	1610.0	36	39818993	39818384	38	43
Bd2	39825489	39828828	RLG_unknown_Bd2-3824,ident_perc:=95.0,cov_perc:=19.0,name_orig:=Bd5_RLG_12,class:=RLG	-	3339	3409.5	12	39825488	39828817	17	23
Bd2	40249175	40253822	RLC_unknown_Bd2-2146,ident_perc:=97.0,cov_perc:=46.0,name_orig:=Bd1_RLC_63,class:=RLC	+	4647	4808.0	8	40249174	40253822	38	30
Bd2	40611087	40611764	RLC_unknown_Bd2-2176,ident_perc:=99.0,cov_perc:=8.0,tsd_len:=3,name_orig:=Bd2_RLC_14,class:=RLC	+	677	800.5	2	40610990	40611764	14	12
Bd2	40812966	40814292	RLC_unknown_Bd2-2183,ident_perc:=99.0,cov_perc:=17.0,tsd_len:=5,name_orig:=Bd2_RLC_21,class:=RLC	+	1326	1434	7	40812966	40814292	13	7
Bd2	41349906	41358561	RLC_unknown_Bd2-43,tsd_len:=5,ltr_age:=0.115,name_orig:=Bd2_RLC_43,class:=RLC	+	8655	8728	7	41349905	41358603	57	35
Bd2	42199811	42200770	RLG_unknown_Bd2-4123,ident_perc:=99.0,cov_perc:=12.0,tsd_len:=0,name_orig:=Bd3_RLG_41,class:=RLG	-	959	1060.5	26	42199818	42200769	93	99
Bd2	42958814	42959006	DTH_Tourist_K_Bd2-71,tsd_len:=0,name_orig:=DTH_Tourist_K_Bd2-71,class:=DTH	+	192	656.0	2	42958503	42959138	18	12
Bd2	43254487	43255841	RLC_unknown_Bd2-2316,ident_perc:=99.0,cov_perc:=16.0,tsd_len:=0,name_orig:=Bd2_RLC_14,class:=RLC	-	1354	1458.0	10	43254502	43255843	32	29
Bd2	43560066	43561410	RLX_unknown_Bd2-1748,ident_perc:=98.0,cov_perc:=19.0,tsd_len:=5,name_orig:=Bd4_RLX_1,class:=RLX	+	1344	1476	13	43560065	43561411	11	11
Bd2	43579340	43580680	RLG_unknown_Bd2-4219,ident_perc:=97.0,cov_perc:=9.0,name_orig:=Bd4_RLG_51,class:=RLG	-	1340	1519.0	2	43579293	43580808	5	8
Bd2	43650107	43651424	RLC_unknown_Bd2-2342,ident_perc:=100.0,cov_perc:=17.0,tsd_len:=3,name_orig:=Bd3_RLC_10,class:=RLC	+	1317	1416.5	8	43650094	43651434	25	16
Bd2	44175633	44177330	RLC_unknown_Bd2-2378,ident_perc:=100.0,cov_perc:=20.0,tsd_len:=5,name_orig:=Bd3_RLC_44,class:=RLC	-	1697	1829.0	20	44175632	44177329	32	19
Bd2	44575465	44578388	RLG_unknown_Bd2-4292,ident_perc:=91.0,cov_perc:=24.0,name_orig:=Bd3_RLG_34,class:=RLG	-	2923	3108.5	2	44578575	44581560	1	2
Bd2	44870721	44874022	RLG_unknown_Bd2-4328,ident_perc:=94.0,cov_perc:=30.0,name_orig:=Bd3_RLG_11,class:=RLG	+	3301	3332	5	44870719	44874023	11	11
Bd2	45810707	45812000	RLC_unknown_Bd2-2448,ident_perc:=100.0,cov_perc:=16.0,tsd_len:=5,name_orig:=Bd1_RLC_43,class:=RLC	+	1293	1405	11	45810682	45812000	23	17
Bd2	45820421	45821055	RLC_unknown_Bd2-2449,ident_perc:=97.0,cov_perc:=8.0,name_orig:=Bd3_RLC_54,class:=RLC	+	634	1082	17	45820420	45821404	54	68
Bd2	46185148	46200874	DTC_K_Bd2-71,tsd_len:=3,name_orig:=DTC_K_Bd2-71,class:=DTC	+	15726	15826.0	26	46185147	46200874	4	7
Bd2	46501247	46502963	RLC_unknown_Bd2-2481,ident_perc:=99.0,cov_perc:=20.0,tsd_len:=4,name_orig:=Bd3_RLC_47,class:=RLC	+	1716	1832.0	10	46501246	46502962	43	43
Bd2	46537346	46540642	RLG_unknown_Bd2-4465,ident_perc:=93.0,cov_perc:=13.0,name_orig:=Bd3_RLG_20,class:=RLG	-	3296	3478.0	8	46537342	46540647	8	6
Bd2	46589320	46589588	RLG_unknown_Bd2-4473,ident_perc:=97.0,cov_perc:=2.0,name_orig:=Bd5_RLG_20,class:=RLG	-	268	722.0	22	46589124	46589707	11	12
Bd2	47236983	47245671	RLC_unknown_Bd2-47,tsd_len:=5,ltr_age:=0.112,name_orig:=Bd2_RLC_47,class:=RLC	+	8688	8797.0	2	47236974	47245678	69	48
Bd2	47695260	47695976	RLC_unknown_Bd2-2540,ident_perc:=99.0,cov_perc:=12.0,tsd_len:=0,name_orig:=Bd2_RLC_6,class:=RLC	+	716	816.0	22	47695267	47695975	37	24
Bd2	48111164	48112881	RLG_unknown_Bd2-4568,ident_perc:=99.0,cov_perc:=12.0,name_orig:=Bd2_RLG_63,class:=RLG	-	1717	1831	15	48111184	48112878	27	30
Bd2	51167193	51168451	RLG_unknown_Bd2-4718,ident_perc:=94.0,cov_perc:=12.0,name_orig:=Bd2_RLG_5,class:=RLG	-	1258	1364	15	51167189	51168455	6	8
Bd2	52581027	52581754	RLC_unknown_Bd2-2689,ident_perc:=98.0,cov_perc:=12.0,tsd_len:=0,name_orig:=Bd3_RLC_49,class:=RLC	-	727	861	9	52580905	52581746	16	10
Bd2	52925680	52925898	DTT_Stowaway_N_Bd2-16,tsd_len:=1,name_orig:=DTT_Stowaway_N_Bd2-16,class:=DTT	-	218	611	1	52925672	52926305	21	11
Bd2	53139331	53140658	RLC_unknown_Bd2-2708,ident_perc:=98.0,cov_perc:=17.0,tsd_len:=5,name_orig:=Bd3_RLC_10,class:=RLC	+	1327	1461.5	22	53139330	53140656	16	18
Bd2	55151502	55152844	RLX_unknown_Bd2-2093,ident_perc:=99.0,cov_perc:=19.0,tsd_len:=5,name_orig:=Bd4_RLX_3,class:=RLX	-	1342	1460.5	20	55151501	55152844	16	13
Bd2	55279450	55280519	RLC_unknown_Bd2-2769,ident_perc:=95.0,cov_perc:=16.0,tsd_len:=5,name_orig:=Bd5_RLC_9,class:=RLC	-	1069	1210	13	55279449	55280519	8	9
Bd2	58198683	58200010	RLC_unknown_Bd2-2838,ident_perc:=100.0,cov_perc:=18.0,name_orig:=Bd2_RLC_39,class:=RLC	-	1327	1458	13	58198682	58200010	29	15
Bd3	568414	569737	RLC_unknown_Bd3-86,ident_perc:=97.0,cov_perc:=17.0,tsd_len:=5,name_orig:=Bd1_RLC_69,class:=RLC	-	1323	1383	9	568411	541441	1	2
Bd3	1000354	1000647	RLC_unknown_Bd3-99,ident_perc:=74.0,cov_perc:=5.0,name_orig:=Bd4_RLC_14,class:=RLC	-	293	672	5	1000223	1000629	12	9
Bd3	2069924	2071250	RLG_unknown_Bd3-152,ident_perc:=98.0,cov_perc:=10.0,name_orig:=Bd5_RLG_4,class:=RLG	-	1326	1452	11	2069923	2071250	15	13
Bd3	2354707	2355089	RLG_unknown_Bd3-168,ident_perc:=79.0,cov_perc:=3.0,name_orig:=Bd3_RLG_29,class:=RLG	+	382	604	1	2355670	2356324	3	4
Bd3	2554872	2558810	DTH_Y_Bd3-1,tsd_len:=0,name_orig:=DTH_Y_Bd3-1,class:=DTH	-	3938	3992	41	2559019	2558810	9	8
Bd3	2591774	2597702	RLC_unknown_Bd3-2,tsd_len:=5,ltr_age:=0.435,name_orig:=Bd3_RLC_2,class:=RLC	+	5928	6085	29	2591774	2597701	16	21
Bd3	2663489	2663957	DTA_noname_Bd3-6,tsd_len:=1,name_orig:=DTA_noname_Bd3-6,class:=DTA	-	468	597	1	2664483	2665086	4	9
Bd3	2759293	2762523	RLX_unknown_Bd3-97,ident_perc:=90.0,cov_perc:=35.0,name_orig:=Bd4_RLX_10,class:=RLX	-	3230	3331	23	2759303	2762522	8	11
Bd3	2885642	2886651	RLX_unknown_Bd3-101,ident_perc:=97.0,cov_perc:=16.0,tsd_len:=5,name_orig:=Bd2_RLX_10,class:=RLX	-	1009	1088.0	24	2885643	2886651	81	78
Bd3	2923352	2923946	DTA_noname_Bd3-8,tsd_len:=0,name_orig:=DTA_noname_Bd3-8,class:=DTA	+	594	707	25	2923346	2923946	19	11
Bd3	3682423	3691096	RLC_unknown_Bd3-179,ident_perc:=100.0,cov_perc:=100.0,ltr_age:=0.092,name_orig:=Bd4_RLC_60,class:=RLC	-	8673	8827	7	3682423	3691096	42	28
Bd3	5020113	5024957	RIX_noname_Bd3-37,tsd_len:=0,name_orig:=RIX_noname_Bd3-37,class:=RIX	+	4844	4994.5	20	5020112	5024968	13	10
Bd3	5388394	5388662	RLG_unknown_Bd3-319,ident_perc:=97.0,cov_perc:=2.0,name_orig:=Bd5_RLG_20,class:=RLG	+	268	730.5	16	5388255	5388907	9	11
Bd3	5506806	5507718	RLG_unknown_Bd3-325,ident_perc:=91.0,cov_perc:=8.0,tsd_len:=0,name_orig:=Bd1_RLG_28,class:=RLG	-	912	1299	1	5506438	5507737	7	11
Bd3	5510460	5512173	RLC_unknown_Bd3-250,ident_perc:=99.0,cov_perc:=20.0,tsd_len:=5,name_orig:=Bd3_RLC_47,class:=RLC	-	1713	1813	27	5510460	5512184	14	11
Bd3	5546269	5548874	DTC_D_Bd3-10,tsd_len:=3,name_orig:=DTC_D_Bd3-10,class:=DTC	+	2605	2735.0	14	5546268	5548874	5	9
Bd3	5742168	5748088	RLC_unknown_Bd3-8,tsd_len:=5,ltr_age:=0.108,name_orig:=Bd3_RLC_8,class:=RLC	-	5920	5982.5	10	5742171	5748144	12	15
Bd3	6187312	6188306	RLG_unknown_Bd3-379,ident_perc:=87.0,cov_perc:=6.0,tsd_len:=0,name_orig:=Bd2_RLG_75,class:=RLG	-	994	1163.0	10	6187310	6188306	9	5
Bd3	7239013	7240729	RLC_unknown_Bd3-328,ident_perc:=100.0,cov_perc:=20.0,tsd_len:=5,name_orig:=Bd3_RLC_47,class:=RLC	+	1716	1827.5	14	7239012	7240729	20	13
Bd3	7325147	7326843	RLC_unknown_Bd3-333,ident_perc:=99.0,cov_perc:=20.0,tsd_len:=5,name_orig:=Bd3_RLC_44,class:=RLC	-	1696	1770	21	7327428	7326841	26	21
Bd3	8010787	8011682	RLG_unknown_Bd3-522,ident_perc:=81.0,cov_perc:=5.0,name_orig:=Bd2_RLG_32,class:=RLG	-	895	988	21	8010600	8011548	16	21
Bd3	8339299	8340640	RLC_unknown_Bd3-404,ident_perc:=94.0,cov_perc:=17.0,name_orig:=Bd3_RLC_54,class:=RLC	-	1341	1470	3	8339293	8340712	14	18
Bd3	8411675	8413035	RLG_unknown_Bd3-550,ident_perc:=98.0,cov_perc:=9.0,name_orig:=Bd4_RLG_51,class:=RLG	-	1360	1449.5	16	8411676	8413030	18	15
Bd3	8738845	8739079	DTT_Stowaway_N_Bd3-13,tsd_len:=1,name_orig:=DTT_Stowaway_N_Bd3-13,class:=DTT	-	234	647.0	2	8738532	8739108	10	9
Bd3	8757630	8758889	RLC_unknown_Bd3-429,ident_perc:=95.0,cov_perc:=11.0,tsd_len:=1,name_orig:=Bd1_RLC_4,class:=RLC	+	1259	1337	23	8757632	8758888	7	7
Bd3	9383387	9391347	RLC_unknown_Bd3-10,tsd_len:=10,ltr_age:=0.031,name_orig:=Bd3_RLC_10,class:=RLC	-	7960	8009	17	9383386	9391347	49	44
Bd3	9923965	9927330	RLG_unknown_Bd3-676,ident_perc:=94.0,cov_perc:=18.0,name_orig:=Bd3_RLG_68,class:=RLG	+	3365	3578.5	2	9923940	9927413	10	9
Bd3	9987781	9989479	RLC_unknown_Bd3-497,ident_perc:=99.0,cov_perc:=20.0,tsd_len:=4,name_orig:=Bd4_RLC_59,class:=RLC	+	1698	1802	17	9987780	9989478	24	12
Bd3	10390765	10393513	RLG_unknown_Bd3-780,ident_perc:=93.0,cov_perc:=16.0,name_orig:=Bd3_RLG_59,class:=RLG	+	2748	2997.5	26	10390774	10393677	18	23
Bd3	10444293	10449626	RLG_unknown_Bd3-800,ident_perc:=91.0,cov_perc:=42.0,name_orig:=Bd5_RLG_22,class:=RLG	-	5333	5452.0	2	10444281	10449771	3	6
Bd3	10537038	10543891	RLC_unknown_Bd3-552,ident_perc:=98.0,cov_perc:=87.0,ltr_age:=0.25,name_orig:=Bd3_RLC_11,class:=RLC	+	6853	6971	1	10537038	10544009	66	60
Bd3	10828673	10832844	DTC_I_Bd3-24,tsd_len:=3,name_orig:=DTC_I_Bd3-24,class:=DTC	-	4171	4230.0	6	10830336	10830744	27	7
Bd3	12769811	12771164	RLC_unknown_Bd3-656,ident_perc:=98.0,cov_perc:=17.0,tsd_len:=0,name_orig:=Bd2_RLC_30,class:=RLC	-	1353	1619.0	4	12769699	12771299	21	19
Bd3	12772829	12776187	RLG_unknown_Bd3-1137,ident_perc:=87.0,cov_perc:=25.0,name_orig:=Bd1_RLG_9,class:=RLG	-	3358	3502	7	12776042	12771785	8	8
Bd3	13699387	13707323	RLC_unknown_Bd3-14,tsd_len:=5,ltr_age:=0.031,name_orig:=Bd3_RLC_14,class:=RLC	+	7936	8065.5	8	13699386	13707322	70	38
Bd3	13709136	13710464	RLC_unknown_Bd3-679,ident_perc:=100.0,cov_perc:=18.0,name_orig:=Bd2_RLC_39,class:=RLC	+	1328	1467.0	8	13709136	13710474	42	28
Bd3	13947277	13948618	RLX_unknown_Bd3-498,ident_perc:=98.0,cov_perc:=19.0,tsd_len:=1,name_orig:=Bd4_RLX_1,class:=RLX	+	1341	1450	15	13947273	13948618	20	15
Bd3	14714493	14719669	RLC_unknown_Bd3-15,tsd_len:=5,ltr_age:=0.638,name_orig:=Bd3_RLC_15,class:=RLC	-	5176	5567	3	14714402	14719695	6	7
Bd3	14901801	14903129	RLC_unknown_Bd3-720,ident_perc:=100.0,cov_perc:=17.0,tsd_len:=4,name_orig:=Bd4_RLC_43,class:=RLC	+	1328	1416	23	14901800	14903127	45	45
Bd3	15194946	15195675	RLC_unknown_Bd3-726,ident_perc:=96.0,cov_perc:=12.0,tsd_len:=0,name_orig:=Bd3_RLC_49,class:=RLC	+	729	845	23	15194945	15195664	15	14
Bd3	15207070	15208087	RLG_unknown_Bd3-1263,ident_perc:=93.0,cov_perc:=7.0,tsd_len:=1,name_orig:=Bd4_RLG_61,class:=RLG	+	1017	1137	15	15207072	15208070	13	8
Bd3	15372088	15377391	RLC_unknown_Bd3-16,tsd_len:=5,ltr_age:=0.623,name_orig:=Bd3_RLC_16,class:=RLC	+	5303	5400	23	15372087	15377391	10	9
Bd3	15474593	15476275	RLG_unknown_Bd3-1284,ident_perc:=100.0,cov_perc:=10.0,name_orig:=Bd3_RLG_14,class:=RLG	+	1682	1797	21	15474594	15476275	30	18
Bd3	15484736	15485691	RLC_unknown_Bd3-735,ident_perc:=89.0,cov_perc:=13.0,tsd_len:=0,name_orig:=Bd5_RLC_9,class:=RLC	-	955	1074	23	15484741	15485689	16	10
Bd3	15700087	15700854	RLC_unknown_Bd3-748,ident_perc:=99.0,cov_perc:=10.0,tsd_len:=0,name_orig:=Bd1_RLC_43,class:=RLC	+	767	808.5	10	15700088	15700863	26	19
Bd3	15949331	15952615	RLG_unknown_Bd3-1337,ident_perc:=90.0,cov_perc:=29.0,name_orig:=Bd1_RLG_39,class:=RLG	-	3284	3384	1	15949333	15952717	16	14
Bd3	16763957	16764677	RLC_unknown_Bd3-809,ident_perc:=96.0,cov_perc:=12.0,tsd_len:=3,name_orig:=Bd3_RLC_49,class:=RLC	-	720	843.0	30	16763958	16764676	9	9
Bd3	16833313	16843659	RLX_unknown_Bd3-601,ident_perc:=95.0,cov_perc:=78.0,name_orig:=Bd4_RLX_8,class:=RLX	-	10346	10405	1	16833312	16843797	4	5
Bd3	18414817	18415829	RLX_unknown_Bd3-677,ident_perc:=96.0,cov_perc:=16.0,tsd_len:=4,name_orig:=Bd2_RLX_10,class:=RLX	-	1012	1139.0	24	18414817	18415829	12	11
Bd3	18636445	18637774	RLC_unknown_Bd3-906,ident_perc:=100.0,cov_perc:=18.0,name_orig:=Bd2_RLC_39,class:=RLC	+	1329	1411	7	18636443	18637774	43	30
Bd3	18751815	18752534	RLC_unknown_Bd3-911,ident_perc:=99.0,cov_perc:=12.0,tsd_len:=0,name_orig:=Bd1_RLC_67,class:=RLC	-	719	788.5	26	18751814	18752521	35	30
Bd3	19300563	19303918	RLG_unknown_Bd3-1601,ident_perc:=92.0,cov_perc:=18.0,name_orig:=Bd3_RLG_68,class:=RLG	-	3355	3449.0	12	19300565	19303916	13	13
Bd3	19859867	19861188	RLC_unknown_Bd3-978,ident_perc:=94.0,cov_perc:=14.0,name_orig:=Bd1_RLC_81,class:=RLC	+	1321	1473.5	26	19861773	19861186	12	18
Bd3	20047135	20048465	RLC_unknown_Bd3-999,ident_perc:=100.0,cov_perc:=17.0,tsd_len:=5,name_orig:=Bd1_RLC_35,class:=RLC	-	1330	1440	25	20047134	20048464	38	32
Bd3	20325409	20326772	RLX_unknown_Bd3-750,ident_perc:=99.0,cov_perc:=12.0,name_orig:=Bd4_RLX_19,class:=RLX	-	1363	1477	15	20325417	20326767	29	23
Bd3	20962646	20963994	RLG_unknown_Bd3-1732,ident_perc:=99.0,cov_perc:=18.0,name_orig:=Bd5_RLG_18,class:=RLG	-	1348	1452.5	6	20962629	20963994	22	13
Bd3	21224306	21225315	RLX_unknown_Bd3-798,ident_perc:=97.0,cov_perc:=16.0,tsd_len:=5,name_orig:=Bd2_RLX_10,class:=RLX	+	1009	1118	19	21224305	21225315	67	60
Bd3	22261139	22261379	DTT_Stowaway_N_Bd3-3,tsd_len:=0,name_orig:=DTT_Stowaway_N_Bd3-3,class:=DTT	-	240	633	1	22261810	22262452	19	15
Bd3	22297119	22298132	RLX_unknown_Bd3-844,ident_perc:=95.0,cov_perc:=16.0,tsd_len:=1,name_orig:=Bd2_RLX_10,class:=RLX	+	1013	1094	13	22297106	22298120	6	8
Bd3	24028533	24029860	RLC_unknown_Bd3-1284,ident_perc:=100.0,cov_perc:=18.0,name_orig:=Bd2_RLC_39,class:=RLC	-	1327	1467	13	24028490	24029860	25	19
Bd3	25461594	25469898	RLG_unknown_Bd3-41,tsd_len:=5,ltr_age:=0.162,name_orig:=Bd3_RLG_41,class:=RLG	-	8304	8412.0	18	25461593	25469898	558	338
Bd3	27321070	27322086	RLX_unknown_Bd3-1190,ident_perc:=95.0,cov_perc:=16.0,tsd_len:=0,name_orig:=Bd2_RLX_10,class:=RLX	-	1016	1135.5	18	27321073	27322087	10	9
Bd3	27396376	27396972	RIX_noname_Bd3-278,tsd_len:=1,name_orig:=RIX_noname_Bd3-278,class:=RIX	-	596	864	15	27396140	27396955	11	15
Bd3	28478413	28479739	RLC_unknown_Bd3-1586,ident_perc:=100.0,cov_perc:=17.0,tsd_len:=4,name_orig:=Bd1_RLC_35,class:=RLC	+	1326	1412	11	28478412	28479744	26	17
Bd3	29053068	29060949	RLC_unknown_Bd3-36,tsd_len:=5,ltr_age:=0.115,name_orig:=Bd3_RLC_36,class:=RLC	-	7881	7962	13	29053051	29060949	45	35
Bd3	30034850	30035860	RLG_unknown_Bd3-3311,ident_perc:=96.0,cov_perc:=7.0,name_orig:=Bd5_RLG_26,class:=RLG	-	1010	1167	21	30034850	30035860	14	10
Bd3	30135443	30136794	RLX_unknown_Bd3-1324,ident_perc:=99.0,cov_perc:=19.0,tsd_len:=0,name_orig:=Bd4_RLX_1,class:=RLX	-	1351	1571.0	4	30135260	30136783	21	21
Bd3	30340938	30344120	RLG_unknown_Bd3-3345,ident_perc:=95.0,cov_perc:=26.0,name_orig:=Bd3_RLG_34,class:=RLG	-	3182	3324	19	30340940	30344119	33	38
Bd3	30370093	30371048	RLG_unknown_Bd3-3348,ident_perc:=100.0,cov_perc:=11.0,tsd_len:=5,name_orig:=Bd2_RLG_36,class:=RLG	+	955	1048.0	4	30370087	30371048	13	9
Bd3	30395046	30396373	RLC_unknown_Bd3-1702,ident_perc:=99.0,cov_perc:=16.0,tsd_len:=4,name_orig:=Bd2_RLC_14,class:=RLC	-	1327	1454.5	12	30395045	30396371	23	17
Bd3	30848145	30848503	RIX_noname_Bd3-338,tsd_len:=0,name_orig:=RIX_noname_Bd3-338,class:=RIX	-	358	682.5	14	30848143	30848633	36	33
Bd3	31108359	31109401	RLC_unknown_Bd3-1742,ident_perc:=99.0,cov_perc:=5.0,name_orig:=Bd2_RLC_31,class:=RLC	+	1042	1118.5	16	31108359	31109400	20	17
Bd3	31593646	31599025	RLC_unknown_Bd3-39,tsd_len:=5,ltr_age:=0.281,name_orig:=Bd3_RLC_39,class:=RLC	+	5379	5481.5	28	31593646	31599025	14	14
Bd3	31706285	31707611	RLC_unknown_Bd3-1766,ident_perc:=99.0,cov_perc:=16.0,tsd_len:=0,name_orig:=Bd2_RLC_14,class:=RLC	-	1326	1529.0	8	31706278	31707611	15	13
Bd3	31755527	31756411	RIX_noname_Bd3-352,tsd_len:=0,name_orig:=RIX_noname_Bd3-352,class:=RIX	-	884	1074	27	31755428	31756435	14	11
Bd3	31874529	31876215	RLC_unknown_Bd3-1774,ident_perc:=99.0,cov_perc:=20.0,name_orig:=Bd4_RLC_18,class:=RLC	+	1686	1756.0	14	31874529	31876215	24	15
Bd3	32289279	32290973	RLC_unknown_Bd3-1801,ident_perc:=99.0,cov_perc:=19.0,name_orig:=Bd1_RLC_53,class:=RLC	-	1694	1946	19	32291434	32290973	15	9
Bd3	33134669	33144094	RLG_unknown_Bd3-3627,ident_perc:=93.0,cov_perc:=78.0,name_orig:=Bd3_RLG_51,class:=RLG	-	9425	9543	7	33134664	33144133	31	53
Bd3	33428668	33434586	RLC_unknown_Bd3-1870,ident_perc:=99.0,cov_perc:=75.0,name_orig:=Bd3_RLC_14,class:=RLC	+	5918	6242.0	6	33428576	33434740	21	21
Bd3	33575907	33583830	RLC_unknown_Bd3-1874,ident_perc:=93.0,cov_perc:=101.0,ltr_age:=5.254,name_orig:=Bd1_RLC_71,class:=RLC	-	7923	8094.5	18	33575899	33583836	4	8
Bd3	33745327	33747043	RLC_unknown_Bd3-1882,ident_perc:=99.0,cov_perc:=20.0,tsd_len:=4,name_orig:=Bd3_RLC_47,class:=RLC	-	1716	1805	13	33745327	33747043	22	20
Bd3	34077435	34078762	RLC_unknown_Bd3-1902,ident_perc:=99.0,cov_perc:=16.0,tsd_len:=5,name_orig:=Bd2_RLC_14,class:=RLC	+	1327	1481.0	18	34077434	34078760	18	8
Bd3	34111498	34112539	RLX_unknown_Bd3-1478,ident_perc:=97.0,cov_perc:=7.0,name_orig:=Bd2_RLX_9,class:=RLX	+	1041	1140.5	8	34111498	34112543	22	13
Bd3	34166758	34168446	RLC_unknown_Bd3-1905,ident_perc:=100.0,cov_perc:=19.0,name_orig:=Bd4_RLC_18,class:=RLC	-	1688	2028	1	34166634	34168729	31	23
Bd3	34617937	34618926	DTH_W_Bd3-9,tsd_len:=0,name_orig:=DTH_W_Bd3-9,class:=DTH	+	989	1146.5	4	34617781	34618926	7	12
Bd3	34646038	34647765	RLC_unknown_Bd3-1926,ident_perc:=89.0,cov_perc:=20.0,tsd_len:=5,name_orig:=Bd4_RLC_29,class:=RLC	+	1727	1921	5	34646009	34647825	0	2
Bd3	34891685	34893017	RLX_unknown_Bd3-1509,ident_perc:=95.0,cov_perc:=19.0,tsd_len:=3,name_orig:=Bd4_RLX_1,class:=RLX	+	1332	1448.0	30	34891684	34893015	9	6
Bd3	35010926	35012639	RLC_unknown_Bd3-1945,ident_perc:=100.0,cov_perc:=20.0,tsd_len:=5,name_orig:=Bd3_RLC_47,class:=RLC	+	1713	1824	21	35010926	35012639	22	18
Bd3	35539607	35541302	RLC_unknown_Bd3-1952,ident_perc:=99.0,cov_perc:=20.0,tsd_len:=5,name_orig:=Bd3_RLC_44,class:=RLC	+	1695	1796.0	34	35539606	35541302	23	15
Bd3	35948092	35951518	RLG_unknown_Bd3-3900,ident_perc:=94.0,cov_perc:=31.0,name_orig:=Bd3_RLG_9,class:=RLG	-	3426	3527.0	32	35948091	35951518	32	24
Bd3	36805262	36806981	RLC_unknown_Bd3-2005,ident_perc:=100.0,cov_perc:=20.0,tsd_len:=3,name_orig:=Bd4_RLC_19,class:=RLC	-	1719	1835	25	36805263	36806978	28	15
Bd3	37644986	37650040	RLC_unknown_Bd3-2034,ident_perc:=97.0,cov_perc:=100.0,ltr_age:=1.481,name_orig:=Bd4_RLC_45,class:=RLC	-	5054	5190	19	37644981	37650043	8	7
Bd3	37915903	37922513	RLC_unknown_Bd3-2045,ident_perc:=96.0,cov_perc:=99.0,ltr_age:=2.131,name_orig:=Bd5_RLC_9,class:=RLC	-	6610	6714	25	37915900	37922512	7	8
Bd3	38021064	38024357	RLG_unknown_Bd3-4031,ident_perc:=92.0,cov_perc:=18.0,name_orig:=Bd5_RLG_12,class:=RLG	+	3293	3358	7	38021064	38024359	13	14
Bd3	38189639	38194290	RLG_unknown_Bd3-4046,ident_perc:=92.0,cov_perc:=19.0,name_orig:=Bd5_RLG_12,class:=RLG	+	4651	4796.5	12	38189639	38194290	13	15
Bd3	39298297	39299622	RLC_unknown_Bd3-2099,ident_perc:=100.0,cov_perc:=17.0,tsd_len:=5,name_orig:=Bd1_RLC_43,class:=RLC	-	1325	1434	27	39298296	39299628	21	16
Bd3	39933019	39941676	RLC_unknown_Bd3-44,tsd_len:=5,ltr_age:=1.165,name_orig:=Bd3_RLC_44,class:=RLC	+	8657	8774	11	39933020	39941678	41	27
Bd3	40114605	40122544	RLC_unknown_Bd3-45,tsd_len:=5,ltr_age:=0.231,name_orig:=Bd3_RLC_45,class:=RLC	+	7939	8039.0	8	40114589	40122544	54	35
Bd3	40432105	40433428	RLC_unknown_Bd3-2141,ident_perc:=99.0,cov_perc:=17.0,tsd_len:=7,name_orig:=Bd2_RLC_21,class:=RLC	+	1323	1493	5	40432100	40433433	16	13
Bd3	40576165	40579546	RLG_unknown_Bd3-4257,ident_perc:=96.0,cov_perc:=31.0,name_orig:=Bd3_RLG_9,class:=RLG	-	3381	3546.0	4	40576046	40579549	17	25
Bd3	40935574	40940164	DTH_P_Bd3-9,tsd_len:=3,name_orig:=DTH_P_Bd3-9,class:=DTH	-	4590	4673	5	40936843	40937490	23	13
Bd3	42104217	42105916	RLC_unknown_Bd3-2185,ident_perc:=99.0,cov_perc:=20.0,name_orig:=Bd4_RLC_18,class:=RLC	+	1699	1851	13	42104190	42105916	33	29
Bd3	42301867	42305108	RLX_unknown_Bd3-1733,ident_perc:=92.0,cov_perc:=35.0,name_orig:=Bd4_RLX_10,class:=RLX	-	3241	3414.5	6	42301805	42305112	6	8
Bd3	42940274	42941588	RLG_unknown_Bd3-4355,ident_perc:=98.0,cov_perc:=10.0,name_orig:=Bd5_RLG_4,class:=RLG	-	1314	1443	11	42940261	42941588	16	17
Bd3	43713746	43715491	RLC_unknown_Bd3-2236,ident_perc:=98.0,cov_perc:=20.0,tsd_len:=4,name_orig:=Bd1_RLC_18,class:=RLC	+	1745	1853	3	43713704	43715491	6	5
Bd3	44043756	44045084	RLC_unknown_Bd3-2242,ident_perc:=99.0,cov_perc:=16.0,tsd_len:=5,name_orig:=Bd2_RLC_14,class:=RLC	-	1328	1463.5	12	44043756	44045084	11	6
Bd3	44212919	44216818	DTT_I_Bd3-15,tsd_len:=0,name_orig:=DTT_I_Bd3-15,class:=DTT	+	3899	3990.5	18	44212920	44216824	7	9
Bd3	45140792	45142119	RLC_unknown_Bd3-2300,ident_perc:=99.0,cov_perc:=17.0,tsd_len:=5,name_orig:=Bd2_RLC_21,class:=RLC	+	1327	1463	15	45140791	45142119	12	8
Bd3	45485788	45494441	RLC_unknown_Bd3-47,tsd_len:=5,ltr_age:=0.088,name_orig:=Bd3_RLC_47,class:=RLC	+	8653	8766.0	16	45485787	45494441	38	25
Bd3	45849324	45850326	RLG_unknown_Bd3-4578,ident_perc:=96.0,cov_perc:=8.0,tsd_len:=1,name_orig:=Bd4_RLG_25,class:=RLG	-	1002	1118.0	10	45849321	45850328	7	7
Bd3	46035926	46044601	RLC_unknown_Bd3-48,tsd_len:=5,ltr_age:=0.388,name_orig:=Bd3_RLC_48,class:=RLC	+	8675	8831	11	46045099	46044601	21	21
Bd3	46060165	46065464	RLG_unknown_Bd3-4612,ident_perc:=90.0,cov_perc:=68.0,name_orig:=Bd4_RLG_17,class:=RLG	-	5299	5465	13	46065445	46045192	24	10
Bd3	46080004	46081305	RLC_unknown_Bd3-2364,ident_perc:=99.0,cov_perc:=16.0,tsd_len:=0,name_orig:=Bd2_RLC_14,class:=RLC	+	1301	1443.5	12	46080005	46081332	16	10
Bd3	46094687	46100581	RLC_unknown_Bd3-49,tsd_len:=5,ltr_age:=0.0,name_orig:=Bd3_RLC_49,class:=RLC	+	5894	6044	21	46094687	46100574	21	17
Bd3	46251563	46251793	DTT_Stowaway_G_Bd3-46,tsd_len:=0,name_orig:=DTT_Stowaway_G_Bd3-46,class:=DTT	+	230	673	1	46251475	46252213	23	15
Bd3	46589206	46590906	RLC_unknown_Bd3-2386,ident_perc:=99.0,cov_perc:=20.0,tsd_len:=2,name_orig:=Bd2_RLC_43,class:=RLC	+	1700	1789	19	46589205	46590901	130	106
Bd3	46607915	46609194	RLC_unknown_Bd3-2388,ident_perc:=91.0,cov_perc:=11.0,tsd_len:=2,name_orig:=Bd1_RLC_41,class:=RLC	+	1279	1674	1	46607859	46609544	3	3
Bd3	47097578	47098926	RLG_unknown_Bd3-4707,ident_perc:=100.0,cov_perc:=18.0,name_orig:=Bd5_RLG_18,class:=RLG	-	1348	1570	9	47097573	47098946	28	25
Bd3	47256051	47258035	DTC_A_NA_Bd3-78,tsd_len:=0,name_orig:=DTC_A_NA_Bd3-78,class:=DTC	+	1984	2066.0	18	47258193	47258038	4	6
Bd3	48289503	48290833	RLC_unknown_Bd3-2481,ident_perc:=99.0,cov_perc:=16.0,tsd_len:=0,name_orig:=Bd2_RLC_14,class:=RLC	-	1330	1434.5	20	48289508	48290833	23	18
Bd3	48516030	48517761	RLG_unknown_Bd3-4841,ident_perc:=98.0,cov_perc:=12.0,name_orig:=Bd2_RLG_63,class:=RLG	-	1731	1865.0	8	48516035	48517743	8	7
Bd3	49557827	49560456	RLC_unknown_Bd3-2551,ident_perc:=96.0,cov_perc:=39.0,name_orig:=Bd5_RLC_9,class:=RLC	+	2629	2766.5	14	49557583	49560454	7	9
Bd3	49875383	49876849	DTH_F_Bd3-40,tsd_len:=9,name_orig:=DTH_F_Bd3-40,class:=DTH	-	1466	1907	13	49875248	49877172	1	4
Bd3	49892128	49892303	RLX_unknown_Bd3-1968,ident_perc:=80.0,cov_perc:=1.0,name_orig:=Bd1_RLX_8,class:=RLX	-	175	607.0	4	49891787	49892437	14	14
Bd3	50332604	50333463	RLG_unknown_Bd3-4947,ident_perc:=92.0,cov_perc:=6.0,tsd_len:=1,name_orig:=Bd3_RLG_64,class:=RLG	-	859	914.0	20	50332603	50333449	23	12
Bd3	50507139	50508818	RLC_unknown_Bd3-2582,ident_perc:=100.0,cov_perc:=19.0,tsd_len:=2,name_orig:=Bd4_RLC_6,class:=RLC	-	1679	1761	21	50507140	50508881	27	17
Bd3	51037195	51045211	RLC_unknown_Bd3-55,tsd_len:=5,ltr_age:=0.088,name_orig:=Bd3_RLC_55,class:=RLC	+	8016	8210.0	12	51037194	51045234	79	42
Bd3	52100428	52101750	RLC_unknown_Bd3-2642,ident_perc:=99.0,cov_perc:=18.0,name_orig:=Bd4_RLC_31,class:=RLC	+	1322	1443.0	44	52100416	52101767	25	16
Bd3	52341619	52342974	RLC_unknown_Bd3-2649,ident_perc:=97.0,cov_perc:=17.0,tsd_len:=5,name_orig:=Bd3_RLC_43,class:=RLC	+	1355	1487	29	52341618	52342974	12	10
Bd3	52681138	52682184	RLX_unknown_Bd3-2070,ident_perc:=97.0,cov_perc:=7.0,name_orig:=Bd2_RLX_9,class:=RLX	-	1046	1168	11	52681137	52682243	15	17
Bd3	52786198	52787898	RLC_unknown_Bd3-2663,ident_perc:=99.0,cov_perc:=20.0,tsd_len:=3,name_orig:=Bd3_RLC_44,class:=RLC	-	1700	1895	1	52786197	52788099	23	20
Bd3	53722354	53726296	DTT_G_Bd3-17,tsd_len:=0,name_orig:=DTT_G_Bd3-17,class:=DTT	+	3942	4052.0	20	53722355	53726292	8	8
Bd3	54628476	54634370	RLC_unknown_Bd3-58,tsd_len:=5,ltr_age:=0.704,name_orig:=Bd3_RLC_58,class:=RLC	-	5894	6034	23	54628468	54634376	14	15
Bd3	55196519	55200530	DTH_A_Bd3-13,tsd_len:=3,name_orig:=DTH_A_Bd3-13,class:=DTH	+	4011	4094.5	14	55196526	55200534	5	10
Bd3	55799697	55801518	RLC_unknown_Bd3-2756,ident_perc:=88.0,cov_perc:=20.0,tsd_len:=0,name_orig:=Bd4_RLC_29,class:=RLC	+	1821	1893	31	55799697	55801518	14	12
Bd3	56351732	56357011	DTH_O_Bd3-4,tsd_len:=0,name_orig:=DTH_O_Bd3-4,class:=DTH	-	5279	5388	21	56351727	56357027	2	5
Bd3	57038059	57039392	RLX_unknown_Bd3-2175,ident_perc:=98.0,cov_perc:=19.0,tsd_len:=0,name_orig:=Bd4_RLX_3,class:=RLX	+	1333	1390	1	57038031	57039421	5	7
Bd3	58577633	58578971	RLX_unknown_Bd3-2217,ident_perc:=99.0,cov_perc:=19.0,tsd_len:=5,name_orig:=Bd4_RLX_3,class:=RLX	-	1338	1445	11	58577631	58578970	34	33
Bd3	59479165	59485253	RLC_unknown_Bd3-2876,ident_perc:=98.0,cov_perc:=102.0,ltr_age:=0.762,name_orig:=Bd1_RLC_79,class:=RLC	-	6088	6246.5	14	59479161	59485252	16	13
Bd4	6215	7254	RLG_unknown_Bd4-67,ident_perc:=92.0,cov_perc:=8.0,tsd_len:=0,name_orig:=Bd4_RLG_1,class:=RLG	-	1039	1108.0	18	7824	219	9	23
Bd4	508407	509750	RLC_unknown_Bd4-77,ident_perc:=99.0,cov_perc:=18.0,name_orig:=Bd2_RLC_39,class:=RLC	-	1343	1442.5	24	508406	509735	16	8
Bd4	538518	539858	RLX_unknown_Bd4-35,ident_perc:=98.0,cov_perc:=19.0,tsd_len:=5,name_orig:=Bd4_RLX_3,class:=RLX	-	1340	1481.0	28	538519	539858	26	23
Bd4	627666	635735	DTC_A_Bd4-1,tsd_len:=3,name_orig:=DTC_A_Bd4-1,class:=DTC	-	8069	8163	25	627665	635734	6	7
Bd4	967180	968198	RLX_unknown_Bd4-48,ident_perc:=97.0,cov_perc:=16.0,tsd_len:=0,name_orig:=Bd2_RLX_10,class:=RLX	+	1018	1130.0	28	968529	968201	22	10
Bd4	1054307	1058118	DTH_T_Bd4-1,tsd_len:=2,name_orig:=DTH_T_Bd4-1,class:=DTH	+	3811	3878	13	1054307	1058116	41	34
Bd4	1499048	1500720	RIX_noname_Bd4-7,tsd_len:=1,name_orig:=RIX_noname_Bd4-7,class:=RIX	+	1672	1825.0	20	1499040	1500746	8	12
Bd4	1535321	1542306	RLC_unknown_Bd4-128,ident_perc:=93.0,cov_perc:=92.0,ltr_age:=4.454,name_orig:=Bd2_RLC_17,class:=RLC	-	6985	7010.5	16	1535319	1542299	3	6
Bd4	1767778	1770643	DTC_D_Bd4-3,tsd_len:=3,name_orig:=DTC_D_Bd4-3,class:=DTC	-	2865	3037	17	1767659	1770754	4	6
Bd4	2915501	2915710	DTM_0085_nona_Bd4-20,tsd_len:=0,name_orig:=DTM_0085_nona_Bd4-20,class:=DTM	+	209	636	17	2915486	2916011	10	10
Bd4	2915838	2916011	DTM_0085_nona_Bd4-6,tsd_len:=0,name_orig:=DTM_0085_nona_Bd4-6,class:=DTM	+	173	628	9	2915486	2916033	9	9
Bd4	3181596	3181869	DTH_Tourist_S_Bd4-4,tsd_len:=3,name_orig:=DTH_Tourist_S_Bd4-4,class:=DTH	-	273	649.0	2	3181595	3182304	4	8
Bd4	3182027	3182237	DTT_Stowaway_D_Bd4-25,tsd_len:=0,name_orig:=DTT_Stowaway_D_Bd4-25,class:=DTT	-	210	649.0	2	3181595	3182304	13	15
Bd4	3708498	3714422	RLC_unknown_Bd4-3,tsd_len:=4,ltr_age:=0.054,name_orig:=Bd4_RLC_3,class:=RLC	-	5924	6028	21	3708500	3714422	25	20
Bd4	3742601	3743110	DTM_0267_nona_Bd4-1,tsd_len:=4,name_orig:=DTM_0267_nona_Bd4-1,class:=DTM	-	509	667.5	20	3743397	3743110	8	9
Bd4	4512508	4513302	DTC_L_Bd4-1,tsd_len:=0,name_orig:=DTC_L_Bd4-1,class:=DTC	-	794	861.0	16	4512510	4513302	8	9
Bd4	4902822	4906781	DTT_G_Bd4-1,tsd_len:=1,name_orig:=DTT_G_Bd4-1,class:=DTT	+	3959	4081	23	4902823	4906779	16	5
Bd4	5394659	5396010	RLX_unknown_Bd4-192,ident_perc:=95.0,cov_perc:=20.0,tsd_len:=0,name_orig:=Bd4_RLX_3,class:=RLX	+	1351	1485	23	5394657	5396009	16	11
Bd4	5746554	5746934	RLC_unknown_Bd4-312,ident_perc:=99.0,cov_perc:=7.0,tsd_len:=0,name_orig:=Bd4_RLC_58,class:=RLC	+	380	697	7	5746553	5746936	18	12
Bd4	5766727	5770050	RLG_unknown_Bd4-322,ident_perc:=91.0,cov_perc:=33.0,name_orig:=Bd2_RLG_27,class:=RLG	-	3323	3429.0	16	5766726	5770049	29	36
Bd4	6010841	6020110	RLC_unknown_Bd4-323,ident_perc:=100.0,cov_perc:=100.0,ltr_age:=0.0,name_orig:=Bd1_RLC_25,class:=RLC	-	9269	9403	27	6010840	6020110	51	35
Bd4	6248447	6249176	RLG_unknown_Bd4-352,ident_perc:=77.0,cov_perc:=3.0,name_orig:=Bd2_RLG_72,class:=RLG	+	729	862	17	6248446	6249184	8	9
Bd4	6264724	6267759	RLX_unknown_Bd4-221,ident_perc:=96.0,cov_perc:=26.0,name_orig:=Bd2_RLX_19,class:=RLX	+	3035	3293	35	6264720	6267896	16	15
Bd4	6307997	6308716	RLC_unknown_Bd4-341,ident_perc:=97.0,cov_perc:=12.0,tsd_len:=5,name_orig:=Bd3_RLC_49,class:=RLC	-	719	778	27	6307996	6308716	12	11
Bd4	6637516	6639211	RLC_unknown_Bd4-355,ident_perc:=100.0,cov_perc:=20.0,tsd_len:=5,name_orig:=Bd4_RLC_60,class:=RLC	-	1695	1836.0	18	6637516	6639209	29	15
Bd4	6887628	6894558	RLX_unknown_Bd4-3,tsd_len:=5,ltr_age:=0.085,name_orig:=Bd4_RLX_3,class:=RLX	-	6930	7060.5	32	6887627	6894556	38	35
Bd4	7576436	7585111	RLC_unknown_Bd4-4,tsd_len:=5,ltr_age:=0.0,name_orig:=Bd4_RLC_4,class:=RLC	+	8675	8862.5	4	7576433	7585131	49	48
Bd4	8538382	8539717	RLC_unknown_Bd4-467,ident_perc:=99.0,cov_perc:=17.0,tsd_len:=1,name_orig:=Bd3_RLC_10,class:=RLC	+	1335	1491.5	14	8538369	8539717	84	85
Bd4	8947154	8950475	RLC_unknown_Bd4-488,ident_perc:=95.0,cov_perc:=21.0,name_orig:=Bd2_RLC_24,class:=RLC	-	3321	3435	13	8947159	8950467	22	21
Bd4	9182696	9183404	RLG_unknown_Bd4-613,ident_perc:=76.0,cov_perc:=2.0,name_orig:=Bd1_RLG_58,class:=RLG	-	708	830.0	10	9182695	9183402	7	7
Bd4	9184430	9192725	DTC_A_Bd4-22,tsd_len:=3,name_orig:=DTC_A_Bd4-22,class:=DTC	+	8295	8370.0	14	9184417	9192725	7	18
Bd4	9774977	9775341	RLX_unknown_Bd4-370,ident_perc:=93.0,cov_perc:=6.0,name_orig:=Bd1_RLX_2,class:=RLX	-	364	686	3	9774952	9775412	16	11
Bd4	10165637	10167347	RLC_unknown_Bd4-537,ident_perc:=100.0,cov_perc:=20.0,tsd_len:=4,name_orig:=Bd4_RLC_19,class:=RLC	-	1710	1804	19	10165637	10167347	21	11
Bd4	10229027	10236520	RLC_unknown_Bd4-540,ident_perc:=93.0,cov_perc:=96.0,name_orig:=Bd4_RLC_36,class:=RLC	+	7493	7561	9	10236662	10236520	2	6
Bd4	11262375	11263421	RLC_unknown_Bd4-592,ident_perc:=92.0,cov_perc:=16.0,tsd_len:=5,name_orig:=Bd5_RLC_9,class:=RLC	-	1046	1120.5	18	11262376	11263420	11	10
Bd4	11334740	11336454	RLC_unknown_Bd4-602,ident_perc:=99.0,cov_perc:=20.0,tsd_len:=5,name_orig:=Bd3_RLC_47,class:=RLC	-	1714	1847	23	11334739	11336454	18	13
Bd4	11440945	11442296	RLG_unknown_Bd4-756,ident_perc:=98.0,cov_perc:=18.0,name_orig:=Bd5_RLG_18,class:=RLG	+	1351	1436.5	4	11440942	11442317	25	29
Bd4	11933612	11937718	DTC_B_Bd4-41,tsd_len:=0,name_orig:=DTC_B_Bd4-41,class:=DTC	-	4106	4252.0	50	11933568	11937718	10	19
Bd4	12289846	12293140	RLC_unknown_Bd4-675,ident_perc:=96.0,cov_perc:=38.0,name_orig:=Bd4_RLC_40,class:=RLC	-	3294	3437	7	12289825	12293185	40	39
Bd4	12295089	12298414	RLG_unknown_Bd4-818,ident_perc:=83.0,cov_perc:=24.0,name_orig:=Bd2_RLG_68,class:=RLG	+	3325	3435	11	12295016	12298414	4	6
Bd4	12760028	12764639	RLC_unknown_Bd4-714,ident_perc:=96.0,cov_perc:=46.0,name_orig:=Bd1_RLC_63,class:=RLC	+	4611	4772	3	12760021	12764639	17	29
Bd4	13232747	13238626	RLC_unknown_Bd4-20,tsd_len:=5,ltr_age:=0.815,name_orig:=Bd4_RLC_20,class:=RLC	-	5879	5980.0	22	13232746	13238626	9	7
Bd4	13242920	13243132	RLX_unknown_Bd4-487,ident_perc:=81.0,cov_perc:=1.0,name_orig:=Bd1_RLX_8,class:=RLX	+	212	595	1	13242484	13243137	22	12
Bd4	13276089	13277935	DTC_A_Bd4-62,tsd_len:=0,name_orig:=DTC_A_Bd4-62,class:=DTC	+	1846	2283.5	18	13276089	13278221	4	8
Bd4	14023030	14023743	RLC_unknown_Bd4-790,ident_perc:=98.0,cov_perc:=12.0,tsd_len:=2,name_orig:=Bd2_RLC_6,class:=RLC	-	713	815	29	14023033	14023741	12	13
Bd4	14277791	14278221	RLC_unknown_Bd4-802,ident_perc:=85.0,cov_perc:=7.0,tsd_len:=0,name_orig:=Bd1_RLC_38,class:=RLC	-	430	640.0	8	14277798	14278221	19	13
Bd4	15733641	15735026	RLX_unknown_Bd4-558,ident_perc:=93.0,cov_perc:=9.0,name_orig:=Bd1_RLX_5,class:=RLX	-	1385	1405.5	20	15733657	15735025	5	9
Bd4	15788651	15788923	RLG_unknown_Bd4-1132,ident_perc:=84.0,cov_perc:=1.0,name_orig:=Bd1_RLG_58,class:=RLG	-	272	716	3	15788368	15788924	13	12
Bd4	16184504	16186282	RIX_noname_Bd4-219,tsd_len:=1,name_orig:=RIX_noname_Bd4-219,class:=RIX	-	1778	1908	29	16186884	16180561	8	18
Bd4	16285279	16286606	RLC_unknown_Bd4-896,ident_perc:=100.0,cov_perc:=16.0,tsd_len:=1,name_orig:=Bd2_RLC_14,class:=RLC	-	1327	1388.5	2	16285280	16286625	17	13
Bd4	16316161	16317487	RLC_unknown_Bd4-906,ident_perc:=100.0,cov_perc:=17.0,tsd_len:=6,name_orig:=Bd3_RLC_10,class:=RLC	-	1326	1433.5	8	16316109	16317492	25	17
Bd4	17298343	17299354	RLX_unknown_Bd4-604,ident_perc:=96.0,cov_perc:=16.0,tsd_len:=2,name_orig:=Bd2_RLX_10,class:=RLX	+	1011	1100	33	17298339	17299354	8	7
Bd4	17361493	17362134	RIX_noname_Bd4-233,tsd_len:=0,name_orig:=RIX_noname_Bd4-233,class:=RIX	-	641	823	29	17361404	17362133	23	11
Bd4	17523240	17524220	RLG_unknown_Bd4-1300,ident_perc:=94.0,cov_perc:=12.0,tsd_len:=2,name_orig:=Bd2_RLG_36,class:=RLG	-	980	1256	1	17522995	17524251	9	9
Bd4	17912779	17916088	RLC_unknown_Bd4-997,ident_perc:=92.0,cov_perc:=38.0,name_orig:=Bd4_RLC_40,class:=RLC	-	3309	3418.5	20	17912781	17916088	16	18
Bd4	18137567	18138920	RLG_unknown_Bd4-1364,ident_perc:=98.0,cov_perc:=9.0,name_orig:=Bd4_RLG_51,class:=RLG	-	1353	1467.0	20	18137566	18138920	9	11
Bd4	18310335	18318640	RLG_unknown_Bd4-18,tsd_len:=5,ltr_age:=0.081,name_orig:=Bd4_RLG_18,class:=RLG	+	8305	8458.5	6	18310334	18318642	56	63
Bd4	18850523	18855180	RLC_unknown_Bd4-1053,ident_perc:=93.0,cov_perc:=46.0,name_orig:=Bd1_RLC_63,class:=RLC	+	4657	4735.5	10	18850522	18855178	9	13
Bd4	18869364	18870712	RLC_unknown_Bd4-1056,ident_perc:=98.0,cov_perc:=16.0,tsd_len:=0,name_orig:=Bd2_RLC_14,class:=RLC	-	1348	1408.5	16	18869384	18870712	10	8
Bd4	19359838	19363191	RLG_unknown_Bd4-1586,ident_perc:=93.0,cov_perc:=31.0,name_orig:=Bd3_RLG_9,class:=RLG	+	3353	3505	1	19359833	19363381	21	27
Bd4	19403671	19404681	RLX_unknown_Bd4-701,ident_perc:=98.0,cov_perc:=16.0,tsd_len:=7,name_orig:=Bd2_RLX_10,class:=RLX	+	1010	1215	7	19403671	19404748	20	20
Bd4	19406408	19407755	RLC_unknown_Bd4-1087,ident_perc:=99.0,cov_perc:=17.0,tsd_len:=1,name_orig:=Bd2_RLC_21,class:=RLC	-	1347	1432.0	6	19406400	19407770	10	7
Bd4	19777244	19778285	RLX_unknown_Bd4-720,ident_perc:=96.0,cov_perc:=7.0,name_orig:=Bd2_RLX_9,class:=RLX	-	1041	1124.0	24	19777241	19778285	9	10
Bd4	20211696	20213023	RLC_unknown_Bd4-1146,ident_perc:=100.0,cov_perc:=17.0,tsd_len:=5,name_orig:=Bd3_RLC_10,class:=RLC	-	1327	1447.0	16	20211695	20213023	16	12
Bd4	20408715	20421884	RLG_unknown_Bd4-25,tsd_len:=5,ltr_age:=0.85,name_orig:=Bd4_RLG_25,class:=RLG	+	13169	13222	11	20408714	20421884	13	19
Bd4	20494527	20502830	RLG_unknown_Bd4-26,tsd_len:=5,ltr_age:=0.242,name_orig:=Bd4_RLG_26,class:=RLG	-	8303	8388	23	20494517	20502832	56	66
Bd4	20521597	20522552	RLG_unknown_Bd4-1810,ident_perc:=100.0,cov_perc:=11.0,tsd_len:=0,name_orig:=Bd2_RLG_36,class:=RLG	-	955	1037.0	22	20521597	20522553	19	11
Bd4	21025148	21025850	RLG_unknown_Bd4-1912,ident_perc:=92.0,cov_perc:=5.0,name_orig:=Bd4_RLG_38,class:=RLG	+	702	715.0	4	21026430	21027046	6	8
Bd4	21067938	21068997	RLX_unknown_Bd4-813,ident_perc:=96.0,cov_perc:=10.0,tsd_len:=1,name_orig:=Bd4_RLX_13,class:=RLX	-	1059	1159.5	6	21067931	21069007	30	37
Bd4	21330521	21344678	RLG_unknown_Bd4-28,tsd_len:=5,ltr_age:=1.419,name_orig:=Bd4_RLG_28,class:=RLG	+	14157	14229.0	20	21330520	21344677	15	21
Bd4	21350719	21351724	RLX_unknown_Bd4-844,ident_perc:=96.0,cov_perc:=16.0,tsd_len:=8,name_orig:=Bd2_RLX_10,class:=RLX	-	1005	1225	5	21350672	21351736	38	44
Bd4	21732853	21733733	RLG_unknown_Bd4-2016,ident_perc:=97.0,cov_perc:=6.0,name_orig:=Bd5_RLG_26,class:=RLG	-	880	1143.0	14	21732693	21733730	14	11
Bd4	22360848	22364104	RLX_unknown_Bd4-894,ident_perc:=97.0,cov_perc:=35.0,name_orig:=Bd4_RLX_10,class:=RLX	-	3256	3343	11	22360848	22364103	19	35
Bd4	22395093	22396102	RLX_unknown_Bd4-896,ident_perc:=97.0,cov_perc:=16.0,tsd_len:=5,name_orig:=Bd2_RLX_10,class:=RLX	-	1009	1113	25	22395092	22396100	11	8
Bd4	23274468	23279439	RLX_unknown_Bd4-955,ident_perc:=96.0,cov_perc:=79.0,ltr_age:=0.638,name_orig:=Bd2_RLX_10,class:=RLX	+	4971	5105.5	6	23274468	23279439	49	67
Bd4	23639389	23653002	DTC_H_Bd4-1,tsd_len:=0,name_orig:=DTC_H_Bd4-1,class:=DTC	-	13613	14012	15	23639127	23653002	0	3
Bd4	23639389	23653002	DTC_H_Bd1-6,tsd_len:=1,name_orig:=DTC_H_Bd1-6,class:=DTC	-	13613	14012	15	23639127	23653002	0	3
Bd4	23938631	23939954	RLC_unknown_Bd4-1393,ident_perc:=99.0,cov_perc:=15.0,tsd_len:=7,name_orig:=Bd2_RLC_14,class:=RLC	+	1323	1449.0	2	23938625	23940053	8	7
Bd4	24090119	24091679	RLC_unknown_Bd4-1410,ident_perc:=97.0,cov_perc:=19.0,name_orig:=Bd4_RLC_56,class:=RLC	-	1560	1881	19	24090120	24091948	8	9
Bd4	24288626	24296538	RLC_unknown_Bd4-31,tsd_len:=2,ltr_age:=0.173,name_orig:=Bd4_RLC_31,class:=RLC	+	7912	8030.0	20	24288614	24296533	61	42
Bd4	24538319	24541332	RLG_unknown_Bd4-2400,ident_perc:=88.0,cov_perc:=21.0,name_orig:=Bd5_RLG_17,class:=RLG	-	3013	3056	3	24541195	24544264	11	16
Bd4	25471846	25479781	RLC_unknown_Bd4-33,tsd_len:=5,ltr_age:=0.142,name_orig:=Bd4_RLC_33,class:=RLC	-	7935	8083.5	10	25471845	25479781	68	51
Bd4	25728172	25728619	RIX_noname_Bd4-345,tsd_len:=2,name_orig:=RIX_noname_Bd4-345,class:=RIX	+	447	669	1	25729150	25729823	1	4
Bd4	25873137	25874148	RLX_unknown_Bd4-1080,ident_perc:=97.0,cov_perc:=16.0,tsd_len:=5,name_orig:=Bd2_RLX_10,class:=RLX	+	1011	1113.5	20	25873136	25874148	10	9
Bd4	26740014	26741322	RLC_unknown_Bd4-1568,ident_perc:=95.0,cov_perc:=17.0,tsd_len:=0,name_orig:=Bd2_RLC_30,class:=RLC	+	1308	1469	19	26740013	26741335	8	10
Bd4	26809702	26814623	RLG_unknown_Bd4-2721,ident_perc:=100.0,cov_perc:=92.0,name_orig:=Bd1_RLG_1,class:=RLG	+	4921	5344	25	26809526	26814707	6	6
Bd4	27236039	27241298	RLC_unknown_Bd4-1612,ident_perc:=99.0,cov_perc:=99.0,name_orig:=Bd4_RLC_58,class:=RLC	-	5259	5354.5	12	27236039	27241296	26	24
Bd4	27452666	27461918	RLC_unknown_Bd4-35,tsd_len:=5,ltr_age:=0.058,name_orig:=Bd4_RLC_35,class:=RLC	+	9252	9394	37	27452666	27461917	49	38
Bd4	27532050	27533392	RLG_unknown_Bd4-2781,ident_perc:=97.0,cov_perc:=10.0,name_orig:=Bd5_RLG_4,class:=RLG	-	1342	1379.0	14	27532064	27533390	8	8
Bd4	28204508	28205833	RLC_unknown_Bd4-1687,ident_perc:=98.0,cov_perc:=15.0,tsd_len:=0,name_orig:=Bd2_RLC_14,class:=RLC	+	1325	1448.5	24	28204515	28205837	7	8
Bd4	28622229	28623573	RLX_unknown_Bd4-1182,ident_perc:=98.0,cov_perc:=19.0,tsd_len:=0,name_orig:=Bd4_RLX_3,class:=RLX	+	1344	1420.0	16	28623714	28623572	25	25
Bd4	29119790	29120008	DTT_Stowaway_D_Bd4-6,tsd_len:=1,name_orig:=DTT_Stowaway_D_Bd4-6,class:=DTT	+	218	633.5	2	29119522	29120004	24	12
Bd4	29160897	29162223	RLC_unknown_Bd4-1731,ident_perc:=99.0,cov_perc:=16.0,tsd_len:=6,name_orig:=Bd2_RLC_14,class:=RLC	+	1326	1427.5	24	29160896	29162223	11	13
Bd4	29757236	29758559	RLC_unknown_Bd4-1769,ident_perc:=98.0,cov_perc:=17.0,tsd_len:=5,name_orig:=Bd1_RLC_69,class:=RLC	+	1323	1396.0	4	29757225	29758609	12	9
Bd4	29876651	29877371	RLC_unknown_Bd4-1775,ident_perc:=98.0,cov_perc:=12.0,tsd_len:=5,name_orig:=Bd3_RLC_49,class:=RLC	+	720	865.0	12	29876650	29877371	15	14
Bd4	30104949	30106306	RLX_unknown_Bd4-1238,ident_perc:=99.0,cov_perc:=12.0,name_orig:=Bd4_RLX_19,class:=RLX	+	1357	1509.5	30	30104942	30106326	40	26
Bd4	30390732	30399426	RLC_unknown_Bd4-41,tsd_len:=5,ltr_age:=0.046,name_orig:=Bd4_RLC_41,class:=RLC	+	8694	8895	5	30390731	30399515	77	63
Bd4	30627005	30628334	RLC_unknown_Bd4-1815,ident_perc:=100.0,cov_perc:=16.0,name_orig:=Bd2_RLC_19,class:=RLC	+	1329	1445	17	30627004	30628332	46	34
Bd4	31661567	31669499	RLC_unknown_Bd4-43,tsd_len:=5,ltr_age:=0.146,name_orig:=Bd4_RLC_43,class:=RLC	-	7932	7960.5	2	31661549	31669525	141	75
Bd4	32411077	32419371	RLX_unknown_Bd4-1335,ident_perc:=99.0,cov_perc:=88.0,ltr_age:=0.792,name_orig:=Bd1_RLX_14,class:=RLX	-	8294	8667	15	32411079	32419586	6	9
Bd4	32420313	32421655	RLC_unknown_Bd4-1915,ident_perc:=98.0,cov_perc:=17.0,tsd_len:=0,name_orig:=Bd2_RLC_21,class:=RLC	-	1342	1452	21	32420313	32421641	10	10
Bd4	32430537	32434391	DTH_Y_Bd4-19,tsd_len:=3,name_orig:=DTH_Y_Bd4-19,class:=DTH	+	3854	4007.0	34	32434859	32427717	18	14
Bd4	32574908	32576622	RLC_unknown_Bd4-1934,ident_perc:=100.0,cov_perc:=20.0,tsd_len:=5,name_orig:=Bd3_RLC_47,class:=RLC	-	1714	1828	11	32574907	32576622	19	13
Bd4	33005374	33008416	RLG_unknown_Bd4-3181,ident_perc:=99.0,cov_perc:=27.0,name_orig:=Bd3_RLG_51,class:=RLG	+	3042	3305.0	10	33005252	33008429	4	5
Bd4	33170416	33171742	RLC_unknown_Bd4-1969,ident_perc:=99.0,cov_perc:=16.0,tsd_len:=5,name_orig:=Bd2_RLC_14,class:=RLC	-	1326	1390.0	6	33170415	33171742	10	9
Bd4	33469570	33471263	RLC_unknown_Bd4-1993,ident_perc:=99.0,cov_perc:=20.0,tsd_len:=0,name_orig:=Bd4_RLC_6,class:=RLC	-	1693	1808.0	20	33469569	33471267	13	10
Bd4	33803515	33812165	RLC_unknown_Bd4-44,tsd_len:=5,ltr_age:=0.046,name_orig:=Bd4_RLC_44,class:=RLC	-	8650	8744.5	38	33803514	33812163	38	23
Bd4	33994703	33996028	RLG_unknown_Bd4-3241,ident_perc:=94.0,cov_perc:=9.0,name_orig:=Bd1_RLG_22,class:=RLG	+	1325	1413.0	16	33996275	33996028	7	9
Bd4	34069263	34070961	RLC_unknown_Bd4-2033,ident_perc:=99.0,cov_perc:=20.0,name_orig:=Bd4_RLC_18,class:=RLC	+	1698	1780.0	12	34069266	34070953	36	39
Bd4	34706347	34711412	RLC_unknown_Bd4-45,tsd_len:=5,ltr_age:=1.988,name_orig:=Bd4_RLC_45,class:=RLC	+	5065	5192.5	18	34706346	34711412	13	13
Bd4	34856658	34858014	RLC_unknown_Bd4-2069,ident_perc:=99.0,cov_perc:=17.0,tsd_len:=4,name_orig:=Bd2_RLC_23,class:=RLC	+	1356	1458.5	18	34856659	34858013	24	17
Bd4	35340925	35346866	RLC_unknown_Bd4-2100,ident_perc:=98.0,cov_perc:=100.0,ltr_age:=0.65,name_orig:=Bd1_RLC_79,class:=RLC	+	5941	6047.0	22	35340925	35346866	15	19
Bd4	35625059	35626781	RLC_unknown_Bd4-2110,ident_perc:=99.0,cov_perc:=20.0,tsd_len:=4,name_orig:=Bd3_RLC_47,class:=RLC	-	1722	1839.5	26	35625060	35626780	11	10
Bd4	36057199	36058541	RLX_unknown_Bd4-1474,ident_perc:=99.0,cov_perc:=19.0,tsd_len:=5,name_orig:=Bd4_RLX_3,class:=RLX	-	1342	1483.0	2	36057185	36058617	21	21
Bd4	36780090	36785014	RLC_unknown_Bd4-50,tsd_len:=5,ltr_age:=0.0,name_orig:=Bd4_RLC_50,class:=RLC	-	4924	5016.0	32	36780089	36785014	17	11
Bd4	37425923	37426471	RLG_unknown_Bd4-3524,ident_perc:=99.0,cov_perc:=4.0,name_orig:=Bd5_RLG_4,class:=RLG	+	548	1008.0	20	37425923	37426817	13	10
Bd4	37615579	37619538	DTH_A_Bd4-7,tsd_len:=3,name_orig:=DTH_A_Bd4-7,class:=DTH	-	3959	3963	3	37615573	37619537	3	7
Bd4	38221668	38225329	DTA_noname_Bd4-108,tsd_len:=1,name_orig:=DTA_noname_Bd4-108,class:=DTA	+	3661	3793.5	18	38221668	38225333	14	10
Bd4	38339522	38340852	RLC_unknown_Bd4-2212,ident_perc:=99.0,cov_perc:=17.0,tsd_len:=0,name_orig:=Bd3_RLC_10,class:=RLC	-	1330	1451.0	20	38339521	38340851	11	11
Bd4	38434924	38435704	RLC_unknown_Bd4-2217,ident_perc:=95.0,cov_perc:=12.0,tsd_len:=0,name_orig:=Bd5_RLC_9,class:=RLC	-	780	1165.5	4	38434899	38435901	9	10
Bd4	38921324	38922678	RLC_unknown_Bd4-2239,ident_perc:=95.0,cov_perc:=15.0,name_orig:=Bd5_RLC_13,class:=RLC	+	1354	1431	25	38921323	38922678	10	12
Bd4	39543996	39547333	DTA_noname_Bd4-111,tsd_len:=5,name_orig:=DTA_noname_Bd4-111,class:=DTA	-	3337	3447.5	18	39545009	39545823	66	35
Bd4	39951385	39954700	RLG_unknown_Bd4-3746,ident_perc:=93.0,cov_perc:=19.0,name_orig:=Bd5_RLG_12,class:=RLG	+	3315	3419	179	39951387	39954698	48	79
Bd4	40292937	40296607	RLG_unknown_Bd4-3775,ident_perc:=95.0,cov_perc:=35.0,name_orig:=Bd5_RLG_6,class:=RLG	+	3670	3788	7	40292937	40296677	7	7
Bd4	40331001	40334237	RLG_unknown_Bd4-3783,ident_perc:=94.0,cov_perc:=31.0,name_orig:=Bd1_RLG_33,class:=RLG	-	3236	3399.5	10	40330978	40334249	4	5
Bd4	40343785	40347144	RLG_unknown_Bd4-3784,ident_perc:=95.0,cov_perc:=31.0,name_orig:=Bd3_RLG_9,class:=RLG	-	3359	3484.0	10	40343778	40347143	7	7
Bd4	40847074	40847724	RIX_noname_Bd4-538,tsd_len:=0,name_orig:=RIX_noname_Bd4-538,class:=RIX	+	650	1090.5	22	40847061	40847989	10	12
Bd4	41757059	41758385	RLC_unknown_Bd4-2345,ident_perc:=99.0,cov_perc:=17.0,tsd_len:=5,name_orig:=Bd3_RLC_10,class:=RLC	+	1326	1486	5	41757058	41758468	27	20
Bd4	42095025	42098191	RLX_unknown_Bd4-1685,ident_perc:=95.0,cov_perc:=27.0,name_orig:=Bd2_RLX_19,class:=RLX	+	3166	3246	5	42094967	42098173	20	28
Bd4	42103757	42105082	RLC_unknown_Bd4-2364,ident_perc:=100.0,cov_perc:=17.0,tsd_len:=0,name_orig:=Bd3_RLC_10,class:=RLC	+	1325	1357	7	42103755	42105082	33	26
Bd4	42230317	42231678	RLX_unknown_Bd4-1691,ident_perc:=99.0,cov_perc:=14.0,name_orig:=Bd1_RLX_14,class:=RLX	+	1361	1542.0	28	42230257	42231693	10	10
Bd4	43973856	43974230	RIX_noname_Bd4-573,tsd_len:=0,name_orig:=RIX_noname_Bd4-573,class:=RIX	+	374	726	31	43973856	43974514	10	10
Bd4	44711085	44711786	RLC_unknown_Bd4-2454,ident_perc:=93.0,cov_perc:=12.0,tsd_len:=3,name_orig:=Bd3_RLC_49,class:=RLC	+	701	841	23	44711085	44711807	11	10
Bd4	45352310	45353628	RLC_unknown_Bd4-2470,ident_perc:=99.0,cov_perc:=17.0,tsd_len:=5,name_orig:=Bd3_RLC_10,class:=RLC	+	1318	1413.5	20	45352309	45353628	9	9
Bd4	45564535	45564752	DTT_Stowaway_D_Bd4-9,tsd_len:=1,name_orig:=DTT_Stowaway_D_Bd4-9,class:=DTT	+	217	666	15	45564302	45564833	11	11
Bd4	47063414	47064740	RLC_unknown_Bd4-2511,ident_perc:=99.0,cov_perc:=17.0,tsd_len:=2,name_orig:=Bd3_RLC_10,class:=RLC	+	1326	1630	7	47063415	47064741	8	7
Bd4	47245153	47250356	RLC_unknown_Bd4-2516,ident_perc:=97.0,cov_perc:=101.0,ltr_age:=1.188,name_orig:=Bd2_RLC_8,class:=RLC	-	5203	5300.5	34	47245151	47250355	7	10
Bd4	47799044	47800403	RLG_unknown_Bd4-4129,ident_perc:=100.0,cov_perc:=18.0,name_orig:=Bd5_RLG_18,class:=RLG	-	1359	1536	1	47798874	47800410	19	13
Bd4	47824533	47829828	RLC_unknown_Bd4-58,tsd_len:=5,ltr_age:=0.0,name_orig:=Bd4_RLC_58,class:=RLC	+	5295	5388	27	47824532	47829826	23	14
Bd4	48479673	48488346	RLC_unknown_Bd4-59,tsd_len:=5,ltr_age:=0.227,name_orig:=Bd4_RLC_59,class:=RLC	-	8673	8734	17	48479672	48488343	32	24
Bd5	420547	421892	RLX_unknown_Bd5-28,ident_perc:=96.0,cov_perc:=19.0,tsd_len:=4,name_orig:=Bd4_RLX_3,class:=RLX	-	1345	1471.5	30	420547	421890	11	9
Bd5	489971	490348	RLG_unknown_Bd5-137,ident_perc:=83.0,cov_perc:=7.0,name_orig:=Bd4_RLG_6,class:=RLG	-	377	749	19	489965	490564	10	10
Bd5	710099	714750	RLC_unknown_Bd5-57,ident_perc:=70.0,cov_perc:=96.0,name_orig:=Bd2_RLC_46,class:=RLC	-	4651	5016.5	8	709910	714828	1	5
Bd5	715753	727679	DTC_K_Bd5-1,tsd_len:=3,name_orig:=DTC_K_Bd5-1,class:=DTC	+	11926	12012	11	715751	727682	3	6
Bd5	1352740	1354081	RLX_unknown_Bd5-64,ident_perc:=98.0,cov_perc:=19.0,tsd_len:=5,name_orig:=Bd4_RLX_3,class:=RLX	-	1341	1398	21	1352739	1354081	24	28
Bd5	1742507	1744538	RLG_unknown_Bd5-289,ident_perc:=94.0,cov_perc:=14.0,name_orig:=Bd2_RLG_74,class:=RLG	-	2031	2112.0	4	1745146	1747324	6	7
Bd5	1749854	1750667	RLG_unknown_Bd5-290,ident_perc:=87.0,cov_perc:=8.0,name_orig:=Bd3_RLG_45,class:=RLG	-	813	895.5	8	1749853	1750688	10	10
Bd5	1900483	1901820	RLX_unknown_Bd5-95,ident_perc:=98.0,cov_perc:=19.0,tsd_len:=5,name_orig:=Bd4_RLX_1,class:=RLX	+	1337	1484	25	1900467	1901845	15	11
Bd5	1935097	1935337	DTT_Stowaway_N_Bd5-2,tsd_len:=0,name_orig:=DTT_Stowaway_N_Bd5-2,class:=DTT	-	240	649.0	2	1934804	1935345	22	12
Bd5	2077923	2081712	RLG_unknown_Bd5-321,ident_perc:=96.0,cov_perc:=18.0,name_orig:=Bd5_RLG_5,class:=RLG	+	3789	3895	29	2077930	2081711	15	14
Bd5	2375418	2375906	RLC_unknown_Bd5-155,ident_perc:=92.0,cov_perc:=9.0,tsd_len:=1,name_orig:=Bd3_RLC_35,class:=RLC	+	488	730	3	2376055	2375908	7	10
Bd5	3046317	3047642	RLC_unknown_Bd5-206,ident_perc:=99.0,cov_perc:=16.0,tsd_len:=6,name_orig:=Bd2_RLC_14,class:=RLC	-	1325	1561	3	3046145	3047642	10	10
Bd5	3470703	3472058	RLG_unknown_Bd5-467,ident_perc:=99.0,cov_perc:=18.0,name_orig:=Bd5_RLG_18,class:=RLG	-	1355	1520	1	3470686	3472206	15	13
Bd5	3819859	3821215	RLG_unknown_Bd5-513,ident_perc:=99.0,cov_perc:=18.0,name_orig:=Bd5_RLG_18,class:=RLG	+	1356	1453.5	22	3819858	3821212	23	20
Bd5	3845506	3848003	RLX_unknown_Bd5-194,ident_perc:=97.0,cov_perc:=23.0,name_orig:=Bd4_RLX_13,class:=RLX	+	2497	2676.0	14	3845439	3848011	18	14
Bd5	3865366	3870592	RLG_unknown_Bd5-518,ident_perc:=74.0,cov_perc:=101.0,ltr_age:=2.285,name_orig:=Bd3_RLG_66,class:=RLG	+	5226	5239	101	3865365	3870611	10	38
Bd5	4644042	4645396	RLG_unknown_Bd5-607,ident_perc:=98.0,cov_perc:=18.0,name_orig:=Bd5_RLG_18,class:=RLG	-	1354	1420	17	4644041	4634108	55	82
Bd5	4858003	4859719	RLC_unknown_Bd5-374,ident_perc:=99.0,cov_perc:=20.0,tsd_len:=3,name_orig:=Bd5_RLC_18,class:=RLC	+	1716	1861.0	10	4858002	4859716	31	23
Bd5	5096707	5098064	RLC_unknown_Bd5-396,ident_perc:=100.0,cov_perc:=17.0,name_orig:=Bd4_RLC_31,class:=RLC	+	1357	1440	31	5096714	5098064	49	33
Bd5	5334302	5335631	RLC_unknown_Bd5-408,ident_perc:=100.0,cov_perc:=18.0,name_orig:=Bd2_RLC_39,class:=RLC	-	1329	1432.5	22	5334301	5335626	49	28
Bd5	6366613	6367944	RLC_unknown_Bd5-487,ident_perc:=100.0,cov_perc:=17.0,tsd_len:=4,name_orig:=Bd1_RLC_35,class:=RLC	-	1331	1475.5	12	6366612	6367942	21	13
Bd5	6621029	6622409	RLG_unknown_Bd5-940,ident_perc:=92.0,cov_perc:=12.0,tsd_len:=3,name_orig:=Bd1_RLG_39,class:=RLG	-	1380	1521.5	14	6621031	6622410	9	7
Bd5	6738951	6740305	RLG_unknown_Bd5-950,ident_perc:=100.0,cov_perc:=18.0,name_orig:=Bd5_RLG_18,class:=RLG	-	1354	1508	13	6738950	6740305	27	11
Bd5	6773185	6774540	RLG_unknown_Bd5-954,ident_perc:=100.0,cov_perc:=18.0,name_orig:=Bd5_RLG_18,class:=RLG	+	1355	1515.5	6	6773182	6774540	26	14
Bd5	6979944	6981272	RLC_unknown_Bd5-556,ident_perc:=100.0,cov_perc:=18.0,name_orig:=Bd2_RLC_39,class:=RLC	-	1328	1464	11	6979946	6981272	41	32
Bd5	7088714	7090045	RLC_unknown_Bd5-559,ident_perc:=100.0,cov_perc:=17.0,tsd_len:=5,name_orig:=Bd1_RLC_35,class:=RLC	-	1331	1442	11	7088713	7090045	44	39
Bd5	7309799	7310843	RLG_unknown_Bd5-1086,ident_perc:=97.0,cov_perc:=6.0,name_orig:=Bd3_RLG_48,class:=RLG	-	1044	1096.0	10	7309800	7310841	73	106
Bd5	7394013	7395075	RLG_unknown_Bd5-1108,ident_perc:=97.0,cov_perc:=7.0,name_orig:=Bd3_RLG_48,class:=RLG	-	1062	1160	13	7394033	7395075	34	29
Bd5	7506372	7507726	RLG_unknown_Bd5-1142,ident_perc:=100.0,cov_perc:=18.0,name_orig:=Bd5_RLG_18,class:=RLG	+	1354	1564	9	7506371	7507730	23	14
Bd5	7691920	7701592	RLX_unknown_Bd5-424,ident_perc:=93.0,cov_perc:=178.0,ltr_age:=0.038,name_orig:=Bd2_RLX_7,class:=RLX	-	9672	9744.5	8	7691919	7701592	68	62
Bd5	7862344	7863349	RLG_unknown_Bd5-1240,ident_perc:=98.0,cov_perc:=10.0,name_orig:=Bd5_RLG_13,class:=RLG	+	1005	1100	15	7862345	7863349	79	77
Bd5	7934677	7936678	RLX_unknown_Bd5-454,ident_perc:=97.0,cov_perc:=32.0,name_orig:=Bd2_RLX_10,class:=RLX	-	2001	2014	3	7934669	7936678	134	132
Bd5	8120804	8129141	RLG_unknown_Bd5-1334,ident_perc:=100.0,cov_perc:=66.0,name_orig:=Bd2_RLG_45,class:=RLG	-	8337	8392.5	10	8120803	8113330	70	74
Bd5	8173077	8181379	RLG_unknown_Bd5-1349,ident_perc:=99.0,cov_perc:=99.0,ltr_age:=0.162,name_orig:=Bd2_RLG_45,class:=RLG	-	8302	8442.5	18	8173067	8181378	83	81
Bd5	10490265	10491222	RLG_unknown_Bd5-1765,ident_perc:=100.0,cov_perc:=11.0,tsd_len:=5,name_orig:=Bd2_RLG_36,class:=RLG	+	957	1081	27	10490265	10491219	25	21
Bd5	10532113	10533443	RLC_unknown_Bd5-750,ident_perc:=99.0,cov_perc:=16.0,tsd_len:=3,name_orig:=Bd2_RLC_14,class:=RLC	+	1330	1404.5	24	10532114	10533443	19	11
Bd5	10666123	10667133	RLX_unknown_Bd5-645,ident_perc:=98.0,cov_perc:=16.0,tsd_len:=4,name_orig:=Bd2_RLX_10,class:=RLX	-	1010	1147	11	10666125	10667133	29	31
Bd5	11293708	11304123	DTC_A_Bd5-34,tsd_len:=3,name_orig:=DTC_A_Bd5-34,class:=DTC	+	10415	10686	25	11293707	11304123	3	4
Bd5	11500350	11501315	RLG_unknown_Bd5-1842,ident_perc:=99.0,cov_perc:=12.0,tsd_len:=0,name_orig:=Bd5_RLG_15,class:=RLG	-	965	1033	29	11500359	11501314	19	6
Bd5	12740916	12742242	RLC_unknown_Bd5-869,ident_perc:=99.0,cov_perc:=16.0,name_orig:=Bd2_RLC_19,class:=RLC	-	1326	1518.0	10	12740916	12742241	17	19
Bd5	13034465	13035791	RLC_unknown_Bd5-880,ident_perc:=100.0,cov_perc:=16.0,name_orig:=Bd2_RLC_19,class:=RLC	+	1326	1436	7	13034464	13035791	23	19
Bd5	13952148	13955422	RLG_unknown_Bd5-2088,ident_perc:=90.0,cov_perc:=19.0,name_orig:=Bd3_RLG_59,class:=RLG	-	3274	3342.5	20	13952148	13955414	35	43
Bd5	14395170	14396501	RLC_unknown_Bd5-941,ident_perc:=100.0,cov_perc:=18.0,name_orig:=Bd2_RLC_39,class:=RLC	+	1331	1459.5	14	14395172	14396501	44	36
Bd5	14486987	14488315	RLC_unknown_Bd5-947,ident_perc:=100.0,cov_perc:=18.0,name_orig:=Bd2_RLC_39,class:=RLC	-	1328	1433	13	14486986	14488314	50	31
Bd5	14888755	14890110	RLG_unknown_Bd5-2186,ident_perc:=99.0,cov_perc:=18.0,name_orig:=Bd5_RLG_18,class:=RLG	-	1355	1475	25	14888754	14890110	35	32
Bd5	15185723	15186727	RLG_unknown_Bd5-2224,ident_perc:=98.0,cov_perc:=7.0,tsd_len:=7,name_orig:=Bd2_RLG_59,class:=RLG	-	1004	1101	21	15185720	15186727	39	38
Bd5	15239398	15240750	RLX_unknown_Bd5-847,ident_perc:=94.0,cov_perc:=20.0,tsd_len:=2,name_orig:=Bd4_RLX_3,class:=RLX	+	1352	1525	1	15239308	15240853	7	7
Bd5	15424315	15425356	RLG_unknown_Bd5-2249,ident_perc:=97.0,cov_perc:=6.0,name_orig:=Bd3_RLG_48,class:=RLG	+	1041	1166	11	15424314	15425355	7	6
Bd5	15578416	15579767	RLC_unknown_Bd5-1021,ident_perc:=98.0,cov_perc:=17.0,tsd_len:=5,name_orig:=Bd1_RLC_40,class:=RLC	+	1351	1467.0	20	15578415	15579767	10	12
Bd5	15691434	15694756	RLG_unknown_Bd5-2269,ident_perc:=92.0,cov_perc:=31.0,name_orig:=Bd1_RLG_33,class:=RLG	-	3322	3502	1	15691400	15694902	5	6
Bd5	16909501	16910236	RLC_unknown_Bd5-1075,ident_perc:=96.0,cov_perc:=12.0,tsd_len:=0,name_orig:=Bd3_RLC_49,class:=RLC	+	735	859.0	18	16909501	16910220	11	8
Bd5	17356496	17357821	RLC_unknown_Bd5-1089,ident_perc:=100.0,cov_perc:=17.0,tsd_len:=5,name_orig:=Bd4_RLC_43,class:=RLC	+	1325	1437.0	24	17356495	17357821	62	41
Bd5	17511533	17513243	RLC_unknown_Bd5-1095,ident_perc:=99.0,cov_perc:=20.0,name_orig:=Bd3_RLC_12,class:=RLC	+	1710	1781.5	20	17511529	17513242	60	40
Bd5	18761580	18764526	RLG_unknown_Bd5-2458,ident_perc:=98.0,cov_perc:=35.0,name_orig:=Bd3_RLG_41,class:=RLG	+	2946	3140.0	16	18761520	18764526	15	17
Bd5	18930419	18931780	RLX_unknown_Bd5-972,ident_perc:=95.0,cov_perc:=24.0,name_orig:=Bd2_RLX_15,class:=RLX	-	1361	1469	15	18930416	18931780	11	10
Bd5	19566738	19572484	DTH_O_Bd5-1,tsd_len:=3,name_orig:=DTH_O_Bd5-1,class:=DTH	+	5746	5830.0	12	19566737	19572483	2	7
Bd5	20400286	20401303	RLC_unknown_Bd5-1216,ident_perc:=90.0,cov_perc:=15.0,tsd_len:=0,name_orig:=Bd5_RLC_9,class:=RLC	+	1017	1096.5	20	20400285	20401307	8	9
Bd5	20794838	20803511	RLC_unknown_Bd5-18,tsd_len:=5,ltr_age:=0.092,name_orig:=Bd5_RLC_18,class:=RLC	-	8673	8759	11	20794839	20803532	80	100
Bd5	21837269	21843001	RLC_unknown_Bd5-20,tsd_len:=5,ltr_age:=0.062,name_orig:=Bd5_RLC_20,class:=RLC	-	5732	5813.0	26	21837269	21843000	18	18
Bd5	22362244	22363203	RLX_unknown_Bd5-1079,ident_perc:=99.0,cov_perc:=7.0,name_orig:=Bd2_RLX_9,class:=RLX	-	959	1085	7	22362211	22363205	13	6
Bd5	22961120	22962438	RLC_unknown_Bd5-1300,ident_perc:=97.0,cov_perc:=17.0,tsd_len:=3,name_orig:=Bd1_RLC_69,class:=RLC	+	1318	1393.5	26	22961120	22962435	10	10
Bd5	23945350	23945739	RIX_noname_Bd5-326,tsd_len:=0,name_orig:=RIX_noname_Bd5-326,class:=RIX	-	389	680	5	23945113	23945877	3	6
Bd5	24002640	24003068	DTM_0161_nona_Bd5-9,tsd_len:=1,name_orig:=DTM_0161_nona_Bd5-9,class:=DTM	-	428	691	3	24002621	24003234	11	9
Bd5	24193066	24193868	RIX_noname_Bd5-328,tsd_len:=0,name_orig:=RIX_noname_Bd5-328,class:=RIX	+	802	1164.5	2	24192759	24194077	2	6
Bd5	24538224	24539422	RLG_unknown_Bd5-2822,ident_perc:=81.0,cov_perc:=23.0,name_orig:=Bd5_RLG_32,class:=RLG	-	1198	1286.0	14	24538213	24539422	7	10
Bd5	24841944	24846539	RLC_unknown_Bd5-21,tsd_len:=5,ltr_age:=0.573,name_orig:=Bd5_RLC_21,class:=RLC	-	4595	4645	17	24841943	24846539	16	14
Bd5	24980218	24983921	DTH_W_Bd5-10,tsd_len:=0,name_orig:=DTH_W_Bd5-10,class:=DTH	+	3703	3855	15	24980204	24983935	3	6
Bd5	25041598	25042169	RLG_unknown_Bd5-2838,ident_perc:=82.0,cov_perc:=2.0,name_orig:=Bd1_RLG_58,class:=RLG	+	571	633	15	25041602	25042161	13	16
Bd5	25507117	25508830	RLC_unknown_Bd5-1369,ident_perc:=100.0,cov_perc:=20.0,tsd_len:=5,name_orig:=Bd4_RLC_19,class:=RLC	+	1713	1799	23	25507118	25508830	28	13
Bd5	25591535	25592257	RLC_unknown_Bd5-1373,ident_perc:=98.0,cov_perc:=12.0,tsd_len:=3,name_orig:=Bd3_RLC_49,class:=RLC	-	722	822	23	25591536	25592256	26	21
Bd5	26012669	26014019	RLC_unknown_Bd5-1381,ident_perc:=100.0,cov_perc:=17.0,name_orig:=Bd4_RLC_31,class:=RLC	-	1350	1502	11	26012665	26014022	41	41
Bd5	26419424	26420779	RLC_unknown_Bd5-1386,ident_perc:=96.0,cov_perc:=17.0,tsd_len:=4,name_orig:=Bd3_RLC_43,class:=RLC	-	1355	1487	23	26419424	26420778	6	7
Bd5	27661060	27661772	RLC_unknown_Bd5-1416,ident_perc:=99.0,cov_perc:=12.0,tsd_len:=3,name_orig:=Bd2_RLC_6,class:=RLC	+	712	802	31	27661060	27661771	13	12
Bd5	28227974	28233757	RLC_unknown_Bd5-24,tsd_len:=2,ltr_age:=0.215,name_orig:=Bd5_RLC_24,class:=RLC	-	5783	5906	21	28227975	28233757	24	21
